Customer ID,Total Purchase Amount,Number of Transactions,Average Transaction Amount,Frequency of Purchases,Recency of Last Purchase,Electronics Purchases,Clothing Purchases,Grocery Purchases,Average Basket Size,Seasonal Spending Pattern,Discount Sensitivity,CLV,Location
1,3232,67,106.95,2 per month,47 days,6%,31%,13%,2,Medium,29%,8638,Zip I
2,3764,19,124.49,2 per month,58 days,27%,15%,11%,5,High,23%,2780,Zip I
3,5359,60,53.02,1 per month,15 days,6%,29%,5%,8,Low,44%,8651,Zip Y
4,9725,58,122.26,2 per month,10 days,16%,37%,38%,9,Medium,49%,4397,Zip S
5,8391,22,121.23,3 per month,49 days,30%,29%,49%,5,Low,17%,7833,Zip T
6,4873,80,115.38,2 per month,37 days,44%,18%,29%,5,Medium,32%,3240,Zip X
7,6374,46,96.3,2 per month,19 days,49%,29%,46%,7,High,5%,5587,Zip V
8,7244,46,193.54,2 per month,13 days,46%,39%,35%,6,Medium,50%,4457,Zip X
9,3968,40,149.9,2 per month,7 days,5%,38%,20%,2,Medium,44%,4890,Zip D
10,1205,29,168.14,2 per month,28 days,25%,36%,30%,1,Low,19%,4765,Zip E
11,3099,48,127.34,3 per month,30 days,34%,11%,45%,2,Medium,30%,4956,Zip R
12,2722,54,104.92,1 per month,46 days,40%,13%,11%,1,High,44%,4769,Zip D
13,8268,45,105.68,3 per month,22 days,49%,10%,31%,4,Low,36%,2682,Zip L
14,3397,24,91.01,1 per month,25 days,36%,39%,8%,6,Medium,36%,4241,Zip L
15,1037,39,132.04,2 per month,11 days,35%,5%,48%,6,Medium,43%,2798,Zip Z
16,6716,61,178.12,1 per month,22 days,10%,10%,23%,7,Low,32%,7372,Zip I
17,7421,70,55.88,1 per month,27 days,8%,5%,43%,3,Low,30%,1171,Zip L
18,6536,91,162.69,3 per month,42 days,39%,20%,15%,6,High,30%,6024,Zip B
19,2663,77,167.56,2 per month,58 days,30%,30%,24%,8,Medium,8%,7359,Zip C
20,5572,39,109.21,3 per month,44 days,21%,33%,22%,6,Medium,24%,7779,Zip N
21,5351,37,161.57,3 per month,28 days,6%,48%,38%,9,Low,16%,6170,Zip J
22,8377,13,108.39,3 per month,10 days,46%,22%,12%,2,High,15%,6512,Zip Z
23,2546,43,97.31,1 per month,29 days,38%,31%,40%,6,High,25%,2619,Zip L
24,2371,61,85.32,2 per month,60 days,11%,27%,47%,9,Low,12%,9450,Zip I
25,8099,37,170.57,1 per month,46 days,10%,47%,48%,2,Low,37%,1028,Zip A
26,2996,66,54.36,3 per month,10 days,26%,30%,26%,5,High,44%,4110,Zip E
27,8791,31,85.86,1 per month,34 days,27%,21%,5%,1,High,33%,3859,Zip P
28,1255,49,95.2,3 per month,21 days,11%,9%,14%,3,High,15%,9033,Zip K
29,1297,84,141.14,2 per month,9 days,35%,15%,5%,1,Medium,41%,3061,Zip H
30,1159,39,113.87,2 per month,14 days,7%,42%,10%,8,High,29%,7689,Zip G
31,3719,39,149.46,3 per month,59 days,14%,20%,26%,4,High,19%,3893,Zip C
32,9115,71,71.46,1 per month,12 days,38%,18%,26%,9,Medium,50%,5590,Zip N
33,7956,68,101.52,2 per month,29 days,45%,7%,33%,8,High,13%,2822,Zip L
34,3837,34,129.4,2 per month,23 days,23%,8%,17%,8,Low,21%,1064,Zip R
35,3245,26,143.38,2 per month,51 days,7%,37%,20%,9,Medium,6%,7507,Zip V
36,5235,74,90.44,3 per month,25 days,5%,9%,28%,2,Medium,34%,7467,Zip C
37,9236,23,89.18,3 per month,28 days,29%,49%,47%,9,Medium,25%,9830,Zip F
38,7187,11,56.96,1 per month,52 days,26%,33%,41%,1,Medium,35%,6486,Zip F
39,1214,12,173.41,3 per month,32 days,15%,20%,34%,8,Low,27%,6248,Zip U
40,2792,76,54.19,2 per month,25 days,40%,33%,21%,8,Medium,37%,5865,Zip T
41,8843,29,104.1,2 per month,47 days,49%,50%,39%,7,Low,19%,7382,Zip H
42,1707,86,76.99,3 per month,15 days,14%,47%,15%,6,Medium,24%,5420,Zip R
43,6672,40,125.27,2 per month,51 days,15%,13%,33%,9,Low,41%,6290,Zip C
44,9494,49,197.1,1 per month,13 days,16%,43%,30%,6,Low,6%,1355,Zip J
45,7721,95,113.15,3 per month,29 days,15%,45%,5%,5,Medium,36%,2148,Zip W
46,6521,87,137.84,1 per month,14 days,45%,37%,11%,1,Medium,49%,7302,Zip Q
47,4122,59,138.68,1 per month,38 days,48%,23%,5%,2,Medium,13%,8988,Zip Y
48,4060,36,58.55,3 per month,46 days,20%,5%,11%,9,High,22%,2731,Zip Y
49,9448,22,158.17,2 per month,4 days,44%,43%,26%,1,Low,18%,2393,Zip M
50,2141,74,166.46,3 per month,58 days,26%,14%,18%,4,Medium,28%,1490,Zip B
51,5484,11,160.06,3 per month,25 days,6%,27%,24%,8,Medium,5%,4264,Zip U
52,4853,46,72.01,3 per month,3 days,35%,47%,39%,4,Low,23%,6665,Zip L
53,9122,20,118.08,1 per month,15 days,45%,27%,12%,8,High,44%,1285,Zip G
54,7750,42,109.57,3 per month,41 days,48%,28%,37%,6,Medium,32%,2219,Zip O
55,4687,38,107.86,2 per month,6 days,30%,24%,24%,4,Low,19%,7001,Zip S
56,3159,68,60.24,2 per month,56 days,7%,37%,10%,9,Medium,5%,7247,Zip S
57,3456,76,168.55,1 per month,12 days,19%,46%,11%,4,Low,19%,9622,Zip G
58,2751,75,50.74,3 per month,24 days,20%,49%,39%,2,Medium,43%,2367,Zip O
59,4920,87,74.49,2 per month,4 days,45%,21%,44%,4,Low,29%,4307,Zip Q
60,7608,93,154.52,3 per month,48 days,23%,13%,23%,4,High,13%,7176,Zip D
61,1571,57,84.11,1 per month,41 days,26%,6%,8%,1,Low,21%,2266,Zip O
62,5751,91,177.05,1 per month,44 days,15%,35%,20%,8,Low,45%,4446,Zip G
63,7512,46,140.24,3 per month,12 days,20%,17%,12%,3,Medium,41%,2521,Zip L
64,9896,81,162.99,1 per month,15 days,27%,43%,48%,1,High,40%,8961,Zip T
65,4418,63,83.87,1 per month,40 days,19%,30%,15%,7,Medium,17%,3889,Zip K
66,9859,80,162.71,1 per month,20 days,15%,26%,33%,7,High,13%,6477,Zip K
67,2184,19,175.41,3 per month,40 days,31%,35%,15%,8,High,29%,7435,Zip W
68,7598,25,131.3,2 per month,6 days,34%,24%,15%,8,Low,41%,4067,Zip W
69,3457,28,54.11,1 per month,46 days,28%,33%,34%,2,Medium,47%,3425,Zip T
70,4969,39,99.5,1 per month,56 days,41%,13%,21%,3,Medium,35%,3132,Zip T
71,9252,63,138.67,2 per month,33 days,13%,35%,49%,9,Low,28%,1453,Zip Z
72,6295,70,190.71,3 per month,49 days,29%,23%,15%,6,High,48%,7932,Zip A
73,1972,52,82.63,2 per month,19 days,41%,49%,33%,2,High,35%,4846,Zip N
74,7763,92,56.56,1 per month,50 days,5%,26%,50%,8,Medium,44%,6000,Zip Y
75,7865,12,139.4,2 per month,57 days,15%,27%,41%,4,High,50%,1748,Zip U
76,8948,39,131.15,3 per month,57 days,42%,45%,6%,2,Low,13%,5167,Zip X
77,6501,27,110.97,2 per month,23 days,5%,43%,40%,7,Low,6%,3426,Zip D
78,4262,45,193.03,3 per month,27 days,48%,29%,29%,9,Low,43%,3822,Zip K
79,9508,29,62.64,1 per month,30 days,29%,30%,6%,3,Low,30%,1932,Zip M
80,2935,26,192.67,3 per month,4 days,50%,42%,12%,8,Low,47%,9861,Zip N
81,2134,33,55.25,2 per month,41 days,16%,30%,11%,9,Low,32%,4603,Zip L
82,1473,22,130.84,3 per month,45 days,14%,49%,24%,7,Medium,27%,7211,Zip H
83,4964,66,191.85,1 per month,34 days,6%,37%,10%,9,High,24%,4640,Zip E
84,8893,76,119.26,3 per month,43 days,6%,24%,45%,6,High,14%,5189,Zip L
85,2918,30,66.54,3 per month,42 days,25%,48%,29%,1,Low,23%,2493,Zip M
86,3955,13,195.3,3 per month,36 days,37%,41%,18%,1,Low,36%,6678,Zip M
87,6667,91,117.74,2 per month,60 days,5%,20%,21%,5,Medium,21%,3616,Zip W
88,6319,54,172.34,2 per month,48 days,7%,17%,29%,7,Medium,30%,2596,Zip R
89,7021,48,152.24,1 per month,60 days,8%,32%,19%,1,Medium,50%,8778,Zip J
90,6742,52,110.87,3 per month,28 days,12%,18%,34%,5,Medium,43%,2023,Zip W
91,8242,84,197.36,2 per month,38 days,41%,21%,46%,3,High,20%,8416,Zip W
92,9623,47,148.57,2 per month,30 days,44%,37%,43%,3,Medium,34%,1013,Zip V
93,7238,50,163.62,3 per month,32 days,14%,15%,37%,5,Medium,17%,3714,Zip G
94,3287,37,53.25,1 per month,17 days,14%,37%,40%,8,High,49%,3125,Zip Z
95,7816,14,141.38,2 per month,46 days,48%,13%,28%,2,High,16%,8754,Zip G
96,4805,61,191.78,1 per month,31 days,29%,43%,16%,7,Low,36%,3647,Zip C
97,3110,32,86.3,1 per month,14 days,6%,38%,32%,5,Medium,34%,2627,Zip Z
98,6031,47,87.54,1 per month,22 days,31%,39%,45%,7,Medium,7%,1567,Zip M
99,7426,45,177.53,1 per month,18 days,32%,37%,5%,9,Medium,31%,3133,Zip G
100,7704,40,191.8,3 per month,3 days,41%,46%,42%,7,Low,17%,3534,Zip F
101,7422,17,105.69,3 per month,3 days,48%,35%,31%,3,High,38%,6885,Zip G
102,4682,98,151.36,2 per month,4 days,26%,26%,43%,8,High,23%,4271,Zip B
103,807,98,187.35,2 per month,11 days,50%,21%,19%,5,Medium,49%,3957,Zip K
104,5802,25,64.27,1 per month,23 days,20%,32%,23%,1,Low,32%,8646,Zip Z
105,1652,20,122.74,1 per month,1 days,13%,24%,27%,2,High,11%,5515,Zip M
106,7450,29,167.12,3 per month,19 days,28%,34%,37%,7,High,24%,2430,Zip U
107,8967,87,147.27,1 per month,42 days,37%,46%,25%,5,High,22%,6250,Zip C
108,5794,66,68.98,1 per month,1 days,18%,38%,35%,1,Medium,15%,4221,Zip D
109,1708,28,179.0,1 per month,9 days,39%,8%,45%,1,High,14%,9803,Zip Z
110,2992,81,142.71,1 per month,5 days,30%,17%,34%,3,Medium,18%,5095,Zip T
111,9329,70,192.6,3 per month,51 days,9%,21%,50%,8,Low,24%,4912,Zip R
112,1270,34,140.27,3 per month,28 days,13%,34%,21%,7,High,13%,8548,Zip T
113,8786,42,172.19,3 per month,44 days,31%,49%,27%,7,Medium,15%,9154,Zip B
114,6495,49,198.11,2 per month,15 days,41%,9%,22%,8,Medium,27%,5195,Zip L
115,2844,26,168.12,3 per month,39 days,47%,6%,15%,8,Low,18%,3079,Zip E
116,3591,62,123.71,3 per month,26 days,27%,17%,16%,1,Low,41%,4391,Zip F
117,4412,90,138.27,2 per month,36 days,11%,43%,19%,5,High,42%,8275,Zip L
118,1934,56,135.99,3 per month,59 days,32%,11%,34%,2,High,15%,8983,Zip O
119,7094,94,57.42,1 per month,15 days,32%,21%,25%,5,Medium,8%,3944,Zip N
120,5868,33,107.79,1 per month,30 days,20%,5%,46%,6,Low,11%,5052,Zip K
121,8872,25,113.34,3 per month,13 days,35%,18%,6%,1,Low,13%,5828,Zip J
122,7648,54,69.44,3 per month,22 days,29%,16%,28%,7,Medium,21%,3854,Zip Y
123,8497,93,56.2,2 per month,39 days,19%,44%,35%,5,High,41%,7180,Zip J
124,4354,65,50.71,3 per month,7 days,30%,16%,44%,5,Medium,23%,4105,Zip K
125,8532,37,103.52,2 per month,39 days,20%,47%,49%,2,Low,23%,7243,Zip N
126,8631,55,86.38,2 per month,57 days,46%,28%,23%,8,Medium,16%,5478,Zip X
127,5345,91,133.31,2 per month,6 days,35%,44%,48%,1,Medium,8%,9730,Zip F
128,5616,97,188.59,3 per month,51 days,30%,22%,20%,2,High,22%,2838,Zip O
129,4033,37,55.86,3 per month,21 days,42%,5%,6%,3,High,41%,3776,Zip V
130,3437,87,115.29,3 per month,21 days,9%,48%,11%,9,Low,28%,1344,Zip E
131,5439,58,150.15,2 per month,35 days,21%,47%,34%,8,Medium,11%,8630,Zip V
132,3724,97,62.63,1 per month,30 days,22%,6%,38%,9,Low,31%,1498,Zip O
133,5521,15,141.8,2 per month,58 days,38%,6%,16%,1,High,21%,6395,Zip E
134,1634,38,105.36,3 per month,21 days,28%,43%,17%,1,Low,26%,5394,Zip N
135,525,75,164.79,1 per month,17 days,39%,15%,29%,1,Low,50%,4322,Zip R
136,1456,78,87.14,2 per month,2 days,6%,24%,49%,3,Medium,43%,4741,Zip U
137,2413,95,68.52,3 per month,34 days,43%,20%,43%,7,Medium,40%,7006,Zip L
138,3434,82,66.06,3 per month,3 days,44%,30%,26%,9,Low,38%,2745,Zip K
139,3221,43,124.21,2 per month,13 days,35%,36%,40%,4,Low,45%,5599,Zip D
140,1428,58,134.31,1 per month,24 days,20%,28%,13%,8,High,21%,9270,Zip A
141,6127,99,82.82,1 per month,6 days,22%,27%,7%,4,High,11%,7009,Zip W
142,6765,79,132.62,1 per month,14 days,7%,10%,36%,4,Low,40%,6327,Zip E
143,5946,75,157.68,3 per month,56 days,44%,42%,31%,6,High,40%,5850,Zip W
144,969,81,87.47,2 per month,34 days,25%,32%,34%,6,Low,8%,9658,Zip L
145,9217,11,51.52,1 per month,23 days,30%,12%,33%,5,Low,6%,9191,Zip K
146,2363,11,174.66,3 per month,13 days,45%,49%,28%,9,Medium,26%,5491,Zip V
147,2220,81,176.55,1 per month,54 days,11%,6%,5%,3,High,32%,9472,Zip G
148,5772,35,106.65,2 per month,13 days,39%,16%,17%,9,Medium,43%,9005,Zip D
149,1091,87,190.74,1 per month,17 days,8%,5%,41%,6,High,35%,7717,Zip W
150,6685,60,174.02,2 per month,44 days,14%,43%,18%,8,High,25%,2212,Zip J
151,2822,37,97.61,2 per month,47 days,50%,39%,9%,6,High,47%,6227,Zip L
152,707,53,139.73,1 per month,48 days,30%,22%,36%,5,Low,42%,2676,Zip T
153,4762,29,110.62,1 per month,20 days,6%,27%,13%,5,Low,19%,9741,Zip B
154,3921,55,67.53,1 per month,20 days,31%,18%,47%,8,Low,12%,3386,Zip D
155,5749,90,111.87,3 per month,34 days,30%,29%,10%,9,High,32%,7601,Zip W
156,8908,53,176.55,1 per month,56 days,32%,17%,38%,9,High,31%,5648,Zip O
157,8716,77,128.47,1 per month,25 days,11%,25%,49%,6,High,47%,8424,Zip U
158,5603,18,141.26,3 per month,17 days,50%,16%,47%,7,Low,10%,4468,Zip R
159,8439,93,103.98,3 per month,31 days,34%,16%,40%,7,Medium,42%,4092,Zip U
160,2782,56,76.37,3 per month,23 days,43%,36%,30%,4,Medium,21%,2273,Zip T
161,2240,74,135.51,3 per month,56 days,34%,47%,44%,7,Low,39%,4067,Zip H
162,6618,30,132.77,3 per month,46 days,15%,14%,22%,1,High,27%,4573,Zip A
163,6346,15,193.42,1 per month,16 days,15%,44%,18%,6,Low,14%,7514,Zip O
164,4281,95,51.4,1 per month,3 days,26%,42%,10%,7,Medium,7%,7927,Zip P
165,3275,34,184.72,1 per month,20 days,35%,37%,32%,6,Low,5%,5887,Zip C
166,3103,12,188.88,3 per month,60 days,31%,31%,6%,5,Low,13%,1446,Zip H
167,7679,81,86.09,1 per month,36 days,15%,42%,39%,4,High,29%,7198,Zip C
168,6856,85,56.85,3 per month,5 days,42%,45%,35%,1,Low,28%,9145,Zip G
169,1662,38,177.33,3 per month,1 days,23%,19%,50%,6,High,6%,4415,Zip G
170,1123,75,75.35,1 per month,30 days,37%,5%,26%,2,Low,28%,1480,Zip U
171,9462,90,109.53,2 per month,32 days,12%,8%,5%,6,Low,26%,2606,Zip Z
172,4551,92,117.98,1 per month,47 days,28%,32%,17%,2,Medium,38%,8843,Zip T
173,1741,24,98.75,2 per month,29 days,27%,43%,44%,2,High,42%,4425,Zip G
174,9513,31,113.98,1 per month,4 days,14%,7%,23%,9,Low,42%,1929,Zip L
175,4903,79,96.69,1 per month,59 days,45%,46%,31%,8,High,30%,9323,Zip L
176,1698,43,128.78,3 per month,52 days,27%,46%,33%,4,Medium,39%,5950,Zip A
177,3497,12,56.0,1 per month,27 days,35%,46%,50%,6,High,50%,9549,Zip J
178,6161,37,138.65,1 per month,32 days,45%,13%,37%,3,High,12%,8290,Zip W
179,1307,29,72.93,1 per month,30 days,38%,37%,49%,7,High,11%,5786,Zip I
180,2621,25,196.46,3 per month,29 days,8%,10%,23%,4,Low,44%,9097,Zip V
181,8567,81,146.84,1 per month,8 days,17%,31%,9%,9,Low,40%,9525,Zip A
182,4386,39,51.19,2 per month,6 days,21%,24%,7%,5,Medium,17%,3987,Zip K
183,9422,45,55.86,1 per month,6 days,16%,26%,10%,9,High,18%,4102,Zip T
184,6566,58,90.46,3 per month,16 days,42%,45%,27%,1,Low,25%,4225,Zip B
185,2323,59,164.59,1 per month,7 days,25%,45%,29%,9,High,46%,2276,Zip L
186,699,90,63.84,3 per month,53 days,23%,44%,46%,5,Medium,40%,2532,Zip F
187,1947,66,149.31,1 per month,49 days,29%,17%,31%,1,High,30%,3144,Zip N
188,5681,73,132.74,3 per month,10 days,45%,50%,29%,6,Medium,14%,1996,Zip C
189,5708,98,115.48,2 per month,27 days,7%,8%,46%,6,High,7%,9395,Zip X
190,6677,68,76.6,3 per month,57 days,23%,26%,49%,3,Low,10%,2699,Zip V
191,5363,15,54.91,1 per month,59 days,40%,13%,45%,5,High,7%,8033,Zip N
192,6680,61,126.86,2 per month,14 days,32%,25%,19%,9,Medium,45%,2452,Zip R
193,2292,71,127.19,1 per month,29 days,7%,47%,23%,9,Low,27%,6826,Zip W
194,1983,93,52.24,1 per month,40 days,48%,22%,36%,5,High,18%,3144,Zip E
195,8889,27,146.39,1 per month,5 days,31%,36%,30%,2,Medium,31%,6309,Zip V
196,1394,55,104.21,3 per month,53 days,22%,35%,40%,9,Medium,41%,4563,Zip O
197,5874,72,122.2,2 per month,28 days,29%,43%,5%,9,Low,49%,5137,Zip P
198,636,32,118.86,2 per month,36 days,18%,26%,45%,9,Medium,46%,7103,Zip R
199,6773,19,154.64,2 per month,49 days,27%,22%,32%,4,Medium,12%,6029,Zip V
200,3919,15,125.94,1 per month,57 days,13%,46%,45%,4,Medium,31%,9895,Zip U
201,668,86,105.51,1 per month,54 days,13%,9%,23%,3,Low,18%,6277,Zip K
202,6504,71,79.47,3 per month,26 days,12%,34%,48%,6,Medium,26%,7397,Zip A
203,3352,52,54.48,2 per month,3 days,44%,15%,36%,8,High,10%,4107,Zip L
204,4919,26,83.93,1 per month,12 days,27%,11%,14%,6,Low,11%,8914,Zip A
205,8539,69,143.27,3 per month,16 days,15%,37%,30%,9,Medium,13%,3256,Zip C
206,9200,27,88.72,1 per month,32 days,6%,21%,48%,8,Low,22%,3132,Zip O
207,3686,78,151.8,3 per month,15 days,32%,40%,32%,1,High,20%,5739,Zip P
208,6418,70,190.64,2 per month,9 days,41%,50%,30%,3,Low,47%,7495,Zip W
209,5649,35,88.49,1 per month,54 days,30%,30%,50%,8,High,15%,1702,Zip A
210,2277,24,166.07,2 per month,56 days,34%,43%,42%,4,High,18%,8001,Zip H
211,3861,71,148.42,2 per month,18 days,9%,33%,43%,6,Medium,29%,6413,Zip Q
212,8838,63,109.94,3 per month,60 days,46%,31%,24%,2,Low,32%,6834,Zip B
213,5893,91,155.95,2 per month,23 days,50%,47%,35%,6,Medium,17%,2248,Zip V
214,4817,39,91.95,3 per month,21 days,50%,15%,40%,2,Low,18%,3751,Zip D
215,5105,80,94.91,1 per month,28 days,48%,43%,28%,2,Medium,5%,4690,Zip M
216,3062,38,110.07,3 per month,7 days,9%,31%,24%,3,High,38%,2192,Zip D
217,6713,84,113.56,3 per month,36 days,32%,13%,31%,5,Medium,22%,2165,Zip N
218,9600,15,132.84,1 per month,58 days,39%,48%,42%,4,Medium,31%,2591,Zip E
219,5152,94,107.51,1 per month,19 days,40%,47%,46%,2,Low,50%,9953,Zip P
220,6735,65,178.32,3 per month,40 days,13%,12%,15%,2,Low,18%,2200,Zip S
221,923,60,144.94,1 per month,35 days,15%,42%,27%,3,High,37%,9559,Zip S
222,7354,96,187.09,1 per month,51 days,14%,12%,7%,9,High,11%,5923,Zip J
223,1467,63,104.94,2 per month,13 days,18%,16%,32%,2,Medium,44%,9721,Zip S
224,4870,20,197.7,3 per month,46 days,15%,35%,33%,8,High,28%,9544,Zip M
225,9552,53,156.7,2 per month,19 days,19%,23%,33%,9,Low,45%,2528,Zip A
226,6687,69,165.24,1 per month,50 days,6%,48%,24%,3,High,26%,4808,Zip R
227,5703,40,136.71,3 per month,29 days,38%,11%,9%,7,Low,21%,2803,Zip B
228,933,69,181.88,2 per month,33 days,13%,48%,48%,6,High,37%,2450,Zip S
229,6737,24,64.69,3 per month,39 days,36%,32%,19%,2,Low,19%,5806,Zip G
230,1929,58,166.97,1 per month,30 days,27%,21%,26%,7,Low,36%,4282,Zip F
231,3046,66,147.81,1 per month,35 days,44%,22%,19%,3,Low,42%,1801,Zip T
232,829,75,176.15,2 per month,41 days,23%,12%,29%,6,Medium,18%,4123,Zip F
233,4112,17,181.88,3 per month,17 days,50%,45%,6%,7,Medium,41%,1081,Zip O
234,8901,79,119.73,2 per month,18 days,26%,27%,44%,2,High,8%,9118,Zip F
235,7261,25,194.36,3 per month,15 days,48%,37%,26%,6,Low,41%,8372,Zip O
236,4468,62,172.1,3 per month,2 days,12%,39%,14%,9,High,47%,1041,Zip G
237,8650,42,180.36,2 per month,8 days,31%,9%,16%,5,Low,11%,4537,Zip A
238,1540,97,51.93,3 per month,40 days,21%,5%,36%,7,High,21%,7047,Zip Q
239,6750,88,192.13,2 per month,51 days,15%,7%,9%,6,High,32%,5355,Zip Y
240,8856,44,88.2,2 per month,46 days,26%,43%,11%,7,Low,46%,1744,Zip B
241,9298,39,144.54,3 per month,7 days,45%,5%,16%,1,Low,11%,8594,Zip Q
242,8204,61,118.49,2 per month,12 days,37%,13%,43%,3,Low,7%,1004,Zip P
243,7272,99,141.77,1 per month,47 days,26%,12%,7%,6,Medium,11%,5740,Zip P
244,5811,63,137.15,3 per month,27 days,39%,31%,19%,7,Medium,25%,9767,Zip M
245,9911,14,165.69,3 per month,16 days,49%,29%,46%,3,Medium,26%,5844,Zip I
246,9644,74,132.73,1 per month,14 days,14%,35%,16%,2,Low,12%,8616,Zip U
247,6511,36,133.99,2 per month,19 days,29%,6%,5%,5,Medium,44%,5083,Zip Y
248,3298,94,138.77,3 per month,57 days,40%,25%,46%,9,Low,23%,6462,Zip O
249,8852,15,82.76,1 per month,48 days,24%,45%,38%,9,High,11%,7110,Zip K
250,2695,98,152.52,2 per month,43 days,20%,13%,48%,4,Medium,20%,5886,Zip T
251,5180,27,197.46,3 per month,1 days,29%,10%,32%,8,High,24%,3135,Zip T
252,7099,78,188.92,1 per month,48 days,27%,49%,48%,3,Medium,41%,6259,Zip R
253,9803,66,85.24,3 per month,35 days,29%,30%,32%,2,High,9%,8042,Zip U
254,3585,42,196.65,2 per month,33 days,35%,46%,16%,2,Low,11%,2036,Zip U
255,6213,91,174.52,1 per month,28 days,37%,42%,23%,2,High,30%,5098,Zip D
256,5740,82,195.0,1 per month,55 days,24%,19%,30%,7,Medium,35%,7235,Zip Y
257,1232,83,196.21,2 per month,4 days,31%,8%,33%,4,High,14%,5812,Zip F
258,5528,41,119.86,2 per month,8 days,31%,18%,24%,7,Low,25%,7265,Zip S
259,8973,83,144.0,3 per month,25 days,11%,31%,39%,6,High,19%,2769,Zip V
260,8094,58,89.94,2 per month,42 days,48%,6%,7%,5,Low,13%,2341,Zip U
261,5066,42,81.3,3 per month,18 days,14%,8%,15%,3,Medium,20%,5607,Zip X
262,7944,24,117.26,2 per month,8 days,14%,43%,35%,8,Medium,13%,4685,Zip U
263,3896,71,87.59,3 per month,48 days,5%,30%,15%,9,High,7%,3715,Zip B
264,5847,97,177.89,3 per month,37 days,42%,13%,11%,9,High,50%,8590,Zip O
265,7534,42,58.77,3 per month,23 days,43%,40%,47%,1,Low,41%,1780,Zip P
266,1095,66,93.37,1 per month,15 days,45%,50%,12%,8,Low,8%,4302,Zip P
267,1147,38,76.65,3 per month,44 days,50%,24%,35%,9,Medium,34%,1102,Zip I
268,1073,53,64.79,2 per month,46 days,38%,31%,23%,9,Medium,35%,5165,Zip N
269,7297,60,126.47,2 per month,46 days,11%,30%,24%,8,High,40%,5438,Zip H
270,6137,56,178.22,3 per month,35 days,49%,39%,24%,5,Low,40%,9254,Zip Y
271,8948,82,115.36,2 per month,43 days,46%,8%,30%,7,High,20%,6698,Zip Z
272,5759,47,89.8,3 per month,19 days,49%,33%,7%,7,Low,32%,1059,Zip B
273,9720,12,182.32,1 per month,15 days,18%,39%,42%,9,Low,20%,5593,Zip B
274,7067,27,188.17,1 per month,48 days,43%,14%,22%,4,Low,18%,8192,Zip X
275,4944,25,125.87,3 per month,54 days,46%,40%,26%,8,Low,44%,5458,Zip X
276,3489,77,148.72,1 per month,58 days,43%,13%,34%,9,Low,11%,2500,Zip K
277,1086,95,59.22,3 per month,16 days,37%,46%,9%,5,Medium,26%,8300,Zip M
278,5602,32,101.21,2 per month,5 days,12%,18%,8%,3,Medium,16%,1813,Zip P
279,8101,92,108.44,1 per month,34 days,22%,42%,46%,4,Medium,50%,1199,Zip H
280,1239,17,125.82,1 per month,20 days,49%,15%,50%,1,High,23%,9776,Zip T
281,5382,65,177.3,1 per month,44 days,44%,10%,23%,5,Medium,11%,4946,Zip S
282,5910,59,171.43,3 per month,21 days,15%,41%,19%,9,Low,33%,5175,Zip A
283,937,36,51.47,2 per month,15 days,29%,35%,34%,1,Low,33%,3324,Zip R
284,4398,14,73.31,2 per month,24 days,10%,23%,45%,5,High,17%,6680,Zip U
285,2347,99,106.57,3 per month,41 days,7%,22%,24%,3,High,46%,6850,Zip G
286,1520,36,126.8,3 per month,31 days,5%,21%,40%,7,Medium,35%,3447,Zip S
287,7430,70,141.05,3 per month,19 days,12%,18%,18%,3,Medium,21%,8023,Zip Y
288,1441,93,71.66,2 per month,38 days,28%,30%,29%,3,Low,35%,3582,Zip K
289,9141,88,154.44,1 per month,11 days,35%,48%,9%,3,Medium,17%,9502,Zip G
290,6110,28,183.62,2 per month,9 days,25%,5%,32%,8,Low,33%,7963,Zip W
291,9508,46,83.56,3 per month,52 days,11%,45%,7%,7,High,47%,6282,Zip E
292,2607,30,130.98,3 per month,1 days,48%,8%,7%,7,Medium,15%,6277,Zip Z
293,4759,13,198.46,2 per month,36 days,33%,38%,10%,1,Low,43%,7444,Zip J
294,1445,28,146.62,3 per month,33 days,28%,9%,28%,3,Medium,18%,9060,Zip R
295,8893,87,63.99,3 per month,21 days,42%,5%,5%,2,Low,41%,8444,Zip R
296,7968,61,166.0,1 per month,24 days,49%,45%,23%,5,Medium,30%,5415,Zip W
297,2305,59,126.18,1 per month,38 days,21%,23%,24%,7,Medium,27%,1942,Zip F
298,2362,41,66.8,2 per month,41 days,47%,14%,8%,4,Low,32%,1814,Zip N
299,9242,28,127.27,1 per month,2 days,36%,14%,5%,9,High,21%,2134,Zip T
300,4251,22,163.29,2 per month,52 days,19%,37%,7%,8,High,29%,5245,Zip D
301,2540,81,67.57,3 per month,9 days,15%,13%,44%,6,Medium,15%,7858,Zip W
302,1403,55,103.44,1 per month,57 days,40%,12%,7%,1,High,13%,2849,Zip I
303,9196,90,62.36,2 per month,26 days,40%,26%,14%,3,High,43%,5486,Zip M
304,8515,75,72.72,3 per month,10 days,9%,5%,43%,2,Medium,39%,3955,Zip G
305,6396,98,57.87,2 per month,12 days,37%,25%,15%,1,Low,36%,5285,Zip C
306,8442,26,83.92,3 per month,33 days,15%,14%,35%,6,High,12%,1368,Zip T
307,7877,55,118.13,3 per month,5 days,6%,26%,46%,8,High,20%,2902,Zip L
308,6093,47,168.71,1 per month,9 days,46%,42%,10%,4,High,43%,4731,Zip M
309,3628,60,152.95,1 per month,49 days,15%,9%,42%,5,Low,27%,1249,Zip E
310,7526,34,138.13,2 per month,14 days,38%,10%,13%,5,Low,48%,2031,Zip Y
311,4321,58,197.99,2 per month,51 days,31%,28%,6%,8,High,41%,2337,Zip Z
312,3211,86,119.55,2 per month,59 days,43%,18%,40%,2,Medium,22%,1656,Zip V
313,8972,14,187.27,2 per month,50 days,47%,21%,13%,8,Medium,5%,3216,Zip N
314,1528,61,100.5,1 per month,32 days,18%,33%,11%,8,Low,24%,5286,Zip Z
315,3160,56,113.97,2 per month,37 days,33%,26%,9%,9,High,33%,9489,Zip R
316,2853,50,109.59,1 per month,50 days,50%,48%,50%,6,High,18%,9106,Zip P
317,6162,24,139.52,3 per month,45 days,48%,36%,9%,7,Low,30%,7568,Zip D
318,8234,20,189.81,3 per month,14 days,30%,35%,43%,2,High,19%,6115,Zip I
319,8845,37,165.17,1 per month,16 days,21%,39%,47%,1,Low,23%,8011,Zip N
320,8021,88,175.09,3 per month,47 days,6%,38%,12%,1,Low,42%,1849,Zip L
321,1553,23,168.82,1 per month,9 days,42%,10%,17%,1,Low,25%,2905,Zip Z
322,3477,14,192.79,1 per month,53 days,13%,10%,11%,3,Medium,6%,9661,Zip L
323,5991,96,67.13,2 per month,15 days,29%,25%,36%,4,Low,28%,1923,Zip Y
324,4393,25,172.16,3 per month,49 days,15%,33%,32%,2,Medium,7%,2967,Zip M
325,3179,39,150.84,2 per month,25 days,33%,29%,10%,7,Low,32%,2206,Zip L
326,5450,88,54.91,2 per month,23 days,41%,30%,12%,5,Low,6%,4528,Zip Y
327,3165,52,109.83,1 per month,39 days,8%,39%,35%,1,High,41%,5065,Zip N
328,3557,35,97.77,1 per month,38 days,29%,35%,50%,9,High,45%,7320,Zip V
329,7338,85,65.48,1 per month,9 days,10%,40%,33%,9,High,40%,9796,Zip I
330,4468,32,96.48,3 per month,41 days,46%,32%,37%,7,High,6%,7384,Zip A
331,1351,53,66.86,1 per month,32 days,42%,38%,15%,5,Low,8%,6058,Zip G
332,5528,94,50.58,3 per month,58 days,30%,9%,39%,6,High,8%,2224,Zip O
333,4293,65,183.14,3 per month,59 days,26%,19%,11%,6,Medium,31%,1417,Zip L
334,7816,12,73.53,3 per month,7 days,19%,14%,13%,8,Medium,44%,4707,Zip G
335,8553,35,123.18,1 per month,40 days,37%,46%,28%,8,Low,24%,2345,Zip C
336,7652,10,58.31,1 per month,54 days,34%,30%,32%,4,Medium,33%,7830,Zip K
337,3831,66,171.79,1 per month,2 days,7%,37%,37%,6,Low,26%,6343,Zip A
338,8818,80,163.41,3 per month,34 days,35%,25%,13%,6,Low,46%,9982,Zip M
339,6430,92,172.96,3 per month,39 days,44%,14%,10%,5,High,6%,4788,Zip N
340,9269,96,157.23,1 per month,23 days,11%,9%,45%,1,Low,40%,7312,Zip G
341,6152,72,177.56,2 per month,32 days,22%,14%,37%,6,High,29%,8928,Zip S
342,1304,56,94.6,2 per month,30 days,37%,14%,7%,7,Medium,11%,6568,Zip N
343,5944,99,90.9,3 per month,20 days,36%,7%,40%,8,High,31%,3207,Zip H
344,3524,87,56.32,1 per month,1 days,40%,29%,20%,1,High,22%,7428,Zip U
345,612,22,195.72,1 per month,15 days,46%,46%,11%,9,Medium,7%,4196,Zip U
346,2467,72,95.9,2 per month,36 days,30%,41%,29%,1,Medium,26%,6624,Zip X
347,1150,47,84.11,2 per month,42 days,35%,12%,28%,8,Low,7%,6817,Zip W
348,4833,93,60.24,3 per month,11 days,21%,47%,38%,9,Low,8%,7131,Zip U
349,1884,41,114.47,1 per month,43 days,16%,9%,25%,9,High,27%,4168,Zip V
350,563,38,171.29,1 per month,57 days,19%,38%,40%,5,Medium,46%,2130,Zip N
351,4499,69,97.94,2 per month,32 days,39%,22%,49%,1,Low,48%,9695,Zip K
352,4488,93,167.06,2 per month,52 days,28%,41%,41%,4,Medium,47%,7865,Zip D
353,3002,50,166.08,1 per month,48 days,15%,24%,39%,7,High,12%,3534,Zip A
354,4016,99,190.48,2 per month,31 days,24%,27%,30%,9,Low,44%,6658,Zip G
355,3171,39,88.52,1 per month,35 days,43%,47%,24%,4,High,49%,4801,Zip U
356,2887,38,137.76,3 per month,21 days,14%,35%,20%,5,Medium,5%,4507,Zip J
357,5894,62,189.42,3 per month,46 days,34%,30%,41%,5,Medium,45%,8993,Zip C
358,3941,52,85.23,3 per month,55 days,9%,42%,49%,5,Medium,38%,6161,Zip G
359,8510,20,70.22,3 per month,6 days,9%,25%,10%,2,Medium,45%,5551,Zip J
360,2463,94,107.07,2 per month,17 days,35%,47%,14%,4,Low,11%,4298,Zip C
361,6263,27,186.56,1 per month,9 days,30%,44%,43%,9,Medium,41%,3720,Zip G
362,3456,10,162.43,1 per month,39 days,41%,34%,30%,9,High,39%,3700,Zip F
363,7896,49,55.62,2 per month,26 days,31%,37%,28%,4,Low,7%,4672,Zip H
364,4398,48,165.99,1 per month,46 days,40%,27%,23%,3,Medium,18%,2134,Zip S
365,4469,75,117.77,1 per month,13 days,10%,19%,27%,2,Medium,42%,8662,Zip W
366,7796,58,149.95,1 per month,53 days,21%,37%,37%,5,Low,42%,1199,Zip Y
367,5403,96,156.57,1 per month,21 days,35%,7%,28%,8,Medium,31%,9649,Zip N
368,9390,55,132.95,3 per month,51 days,19%,29%,6%,7,Low,22%,2319,Zip U
369,792,59,154.5,2 per month,19 days,12%,28%,5%,9,Low,11%,8469,Zip K
370,9529,32,145.3,3 per month,25 days,23%,26%,5%,1,Low,11%,9353,Zip J
371,4599,75,152.2,2 per month,4 days,14%,37%,14%,2,Low,16%,3019,Zip F
372,5846,95,65.59,2 per month,14 days,28%,5%,21%,2,High,12%,8228,Zip H
373,7533,76,163.62,3 per month,3 days,11%,20%,48%,4,Medium,14%,2954,Zip U
374,5276,42,123.64,1 per month,21 days,13%,41%,49%,8,Low,40%,9056,Zip Q
375,7952,60,78.32,3 per month,47 days,47%,9%,18%,9,High,20%,3074,Zip P
376,7480,80,96.73,3 per month,48 days,8%,35%,46%,5,Medium,19%,6621,Zip A
377,4622,45,143.08,3 per month,16 days,47%,12%,13%,7,High,35%,8599,Zip Y
378,1236,33,194.59,3 per month,22 days,13%,28%,16%,3,Low,43%,9774,Zip E
379,4961,92,78.21,2 per month,56 days,42%,32%,12%,7,Medium,21%,2949,Zip P
380,2471,99,184.29,3 per month,29 days,40%,44%,36%,1,Medium,30%,2537,Zip U
381,8889,89,147.02,3 per month,43 days,17%,20%,35%,1,Low,18%,4670,Zip T
382,2171,37,124.62,2 per month,47 days,5%,39%,47%,3,High,8%,1026,Zip C
383,1106,95,105.53,3 per month,43 days,7%,6%,13%,1,High,38%,9029,Zip A
384,2620,11,73.09,2 per month,43 days,30%,38%,22%,6,Low,38%,4717,Zip J
385,7496,19,68.1,2 per month,15 days,40%,37%,21%,1,High,36%,1300,Zip O
386,9851,91,69.64,3 per month,17 days,49%,12%,13%,5,Medium,9%,1282,Zip X
387,2231,21,84.22,1 per month,23 days,43%,7%,7%,8,High,19%,7222,Zip I
388,8288,74,177.9,1 per month,43 days,36%,41%,16%,8,Low,13%,3904,Zip G
389,3895,77,86.77,2 per month,11 days,50%,27%,47%,2,Medium,30%,5061,Zip Q
390,6746,71,103.47,3 per month,20 days,49%,7%,27%,9,High,49%,3935,Zip R
391,8520,64,189.79,2 per month,2 days,11%,28%,25%,7,Low,47%,7318,Zip E
392,9287,46,122.04,1 per month,23 days,35%,16%,17%,6,High,34%,1789,Zip U
393,5843,94,138.81,1 per month,37 days,40%,26%,45%,2,Medium,9%,9642,Zip V
394,2804,29,174.31,1 per month,35 days,27%,22%,11%,6,High,20%,4129,Zip K
395,3919,79,71.43,2 per month,4 days,26%,36%,37%,5,Low,19%,2077,Zip J
396,1631,94,130.06,2 per month,47 days,11%,35%,36%,3,Low,12%,7512,Zip E
397,2503,72,64.82,2 per month,41 days,48%,31%,14%,7,High,14%,9644,Zip F
398,8144,78,131.42,2 per month,10 days,5%,5%,45%,2,Medium,32%,7265,Zip Y
399,2207,51,139.16,3 per month,23 days,20%,46%,21%,2,High,48%,3386,Zip K
400,8692,90,131.91,1 per month,2 days,19%,20%,25%,8,High,36%,6764,Zip M
401,8028,26,104.64,2 per month,32 days,36%,46%,17%,6,Medium,31%,8293,Zip W
402,1191,67,177.27,3 per month,41 days,24%,46%,45%,5,Low,21%,7512,Zip J
403,3047,15,96.45,1 per month,4 days,22%,35%,12%,2,Low,43%,6986,Zip L
404,3183,32,164.59,1 per month,2 days,19%,27%,44%,6,Low,17%,1856,Zip O
405,9035,13,117.27,2 per month,16 days,5%,48%,47%,8,Medium,40%,2349,Zip P
406,7495,18,170.81,1 per month,3 days,36%,15%,49%,9,High,7%,2459,Zip N
407,7362,72,168.73,1 per month,1 days,27%,7%,20%,3,High,40%,2732,Zip F
408,6676,51,173.13,3 per month,15 days,37%,35%,27%,5,Medium,49%,8213,Zip T
409,7098,84,153.63,2 per month,42 days,26%,38%,30%,8,Low,47%,5758,Zip O
410,6485,21,163.69,2 per month,21 days,10%,47%,11%,3,Medium,29%,8677,Zip G
411,5024,44,166.96,2 per month,5 days,9%,15%,22%,9,Medium,14%,3592,Zip I
412,1327,59,162.7,3 per month,53 days,24%,29%,29%,3,Low,49%,9823,Zip Y
413,7334,81,108.81,1 per month,4 days,41%,49%,40%,2,High,36%,3148,Zip N
414,3704,49,79.62,2 per month,23 days,32%,23%,27%,9,High,41%,7019,Zip U
415,593,68,195.52,1 per month,43 days,19%,48%,7%,8,High,13%,9211,Zip N
416,2967,15,88.45,2 per month,28 days,28%,42%,45%,2,Low,8%,4729,Zip P
417,4278,83,197.06,3 per month,9 days,29%,35%,26%,4,Low,24%,7380,Zip B
418,904,98,65.33,1 per month,58 days,14%,18%,19%,6,Medium,29%,4772,Zip K
419,5537,22,174.05,1 per month,60 days,19%,6%,30%,9,Low,42%,2679,Zip Z
420,9901,69,81.73,2 per month,14 days,23%,50%,7%,2,Medium,35%,5969,Zip P
421,875,88,174.64,1 per month,29 days,17%,34%,31%,4,Medium,47%,7408,Zip K
422,4445,25,60.38,3 per month,28 days,35%,44%,39%,2,Medium,34%,7452,Zip U
423,997,14,180.01,3 per month,10 days,47%,43%,22%,3,Medium,43%,3966,Zip B
424,8166,32,112.75,1 per month,23 days,27%,47%,15%,8,Low,31%,3058,Zip K
425,7873,62,188.72,2 per month,20 days,23%,16%,21%,6,Low,26%,2068,Zip P
426,9430,76,146.34,2 per month,12 days,29%,44%,7%,9,Medium,45%,1652,Zip L
427,5015,81,127.45,2 per month,42 days,44%,33%,22%,6,High,39%,4737,Zip U
428,7229,82,135.09,2 per month,22 days,13%,25%,10%,4,Medium,19%,5648,Zip U
429,3790,15,130.47,2 per month,47 days,12%,42%,26%,3,High,9%,9361,Zip O
430,2062,49,70.52,1 per month,51 days,30%,25%,46%,6,Low,24%,8910,Zip C
431,9152,89,150.74,1 per month,48 days,27%,32%,31%,5,Low,39%,6300,Zip C
432,3623,89,76.81,3 per month,27 days,37%,41%,5%,9,Medium,37%,8720,Zip X
433,2338,51,175.73,2 per month,25 days,35%,45%,48%,2,Medium,20%,4556,Zip R
434,7459,99,59.44,2 per month,1 days,19%,14%,22%,1,Medium,26%,3773,Zip J
435,5236,32,193.16,2 per month,27 days,46%,37%,19%,9,Medium,24%,4526,Zip U
436,3966,99,72.34,2 per month,58 days,50%,32%,46%,9,High,20%,2100,Zip J
437,4543,99,73.32,1 per month,17 days,28%,30%,50%,5,Medium,37%,3695,Zip T
438,6529,29,60.51,2 per month,35 days,45%,20%,16%,1,Medium,32%,2155,Zip N
439,5202,72,72.47,1 per month,35 days,27%,28%,21%,5,Low,22%,6066,Zip K
440,6138,39,136.1,3 per month,52 days,32%,29%,28%,3,Medium,23%,3392,Zip U
441,8353,19,103.54,2 per month,48 days,22%,23%,38%,8,Low,29%,1177,Zip U
442,6034,21,190.08,2 per month,44 days,27%,20%,45%,5,Medium,25%,4246,Zip O
443,6810,36,104.95,1 per month,46 days,30%,18%,12%,5,High,25%,4785,Zip D
444,3487,92,188.92,2 per month,30 days,50%,21%,15%,6,Low,18%,7636,Zip L
445,5190,82,58.79,2 per month,49 days,23%,20%,36%,7,Medium,11%,7124,Zip V
446,3792,11,82.99,3 per month,3 days,11%,39%,17%,4,High,24%,1483,Zip O
447,3381,56,176.4,3 per month,37 days,35%,42%,41%,8,Low,24%,7822,Zip U
448,6301,65,74.55,1 per month,59 days,23%,28%,44%,1,Low,17%,2428,Zip N
449,7782,20,89.04,1 per month,8 days,12%,34%,42%,5,Low,11%,4117,Zip R
450,9026,84,105.68,3 per month,27 days,33%,20%,9%,5,Medium,20%,4929,Zip B
451,9433,34,137.63,3 per month,25 days,14%,43%,31%,6,Low,31%,5268,Zip M
452,9935,53,108.85,2 per month,11 days,27%,26%,23%,9,Medium,39%,7464,Zip R
453,8792,23,90.23,3 per month,1 days,20%,44%,49%,6,High,15%,4014,Zip L
454,2963,88,123.04,1 per month,33 days,16%,45%,48%,7,Low,25%,7898,Zip U
455,8176,65,129.78,1 per month,9 days,26%,14%,7%,2,Medium,18%,1017,Zip A
456,8866,15,194.36,1 per month,40 days,36%,25%,21%,5,High,31%,7949,Zip L
457,9297,33,151.39,1 per month,56 days,19%,20%,5%,6,High,34%,6106,Zip Y
458,8294,52,78.83,3 per month,43 days,12%,14%,6%,4,Medium,20%,2905,Zip A
459,4245,59,164.2,1 per month,33 days,48%,21%,43%,7,High,22%,7857,Zip S
460,5376,85,197.17,1 per month,54 days,29%,40%,15%,9,Low,38%,5876,Zip P
461,4308,66,72.61,2 per month,47 days,29%,16%,26%,8,High,28%,7782,Zip Q
462,9540,53,74.34,1 per month,45 days,34%,39%,16%,5,Low,30%,2828,Zip T
463,9782,34,67.2,1 per month,10 days,37%,50%,30%,8,Medium,9%,9864,Zip N
464,6076,91,93.61,2 per month,6 days,34%,50%,19%,9,High,42%,2407,Zip H
465,2673,31,154.4,3 per month,22 days,41%,43%,42%,2,Medium,35%,8407,Zip V
466,9854,28,99.92,3 per month,16 days,44%,12%,40%,5,High,33%,4783,Zip W
467,5220,73,64.32,2 per month,54 days,19%,33%,17%,6,Medium,48%,5334,Zip B
468,7374,99,144.49,2 per month,54 days,48%,35%,7%,6,Low,11%,5241,Zip J
469,1679,39,166.27,2 per month,53 days,30%,18%,46%,4,Low,15%,3698,Zip Q
470,9388,47,110.76,3 per month,12 days,37%,49%,39%,9,Low,45%,1305,Zip Z
471,7788,59,150.02,3 per month,16 days,24%,16%,17%,4,High,12%,4593,Zip R
472,2996,50,138.35,3 per month,2 days,36%,43%,34%,6,High,38%,1666,Zip G
473,3257,21,146.55,1 per month,52 days,19%,27%,39%,4,Low,22%,5968,Zip T
474,7958,66,113.28,2 per month,58 days,25%,43%,47%,5,Low,21%,1114,Zip R
475,4547,73,121.56,1 per month,11 days,38%,20%,33%,7,High,5%,3277,Zip G
476,2551,24,172.24,2 per month,48 days,48%,50%,42%,2,High,29%,8495,Zip V
477,7344,42,138.07,1 per month,51 days,5%,10%,44%,8,Low,30%,2809,Zip D
478,3810,75,64.14,2 per month,54 days,10%,39%,26%,7,Medium,17%,1764,Zip Q
479,8345,75,54.48,3 per month,44 days,35%,36%,27%,6,Medium,6%,6615,Zip M
480,2247,46,126.69,1 per month,36 days,25%,18%,28%,3,Medium,43%,2511,Zip D
481,8328,35,131.7,2 per month,11 days,30%,23%,12%,4,High,15%,5710,Zip R
482,9594,86,172.43,1 per month,46 days,19%,29%,6%,6,Low,8%,1570,Zip B
483,4368,82,159.57,2 per month,6 days,32%,22%,31%,9,Medium,31%,8909,Zip I
484,5223,60,83.81,1 per month,28 days,8%,37%,28%,4,Low,32%,5059,Zip K
485,5498,22,169.04,1 per month,60 days,41%,17%,16%,2,High,26%,3541,Zip K
486,5430,34,144.37,3 per month,56 days,7%,27%,35%,7,High,32%,1793,Zip B
487,1104,29,84.99,1 per month,39 days,31%,31%,19%,8,Low,29%,1531,Zip O
488,8656,77,127.38,3 per month,7 days,10%,25%,48%,9,Medium,7%,2965,Zip V
489,4186,20,86.0,2 per month,40 days,21%,6%,45%,2,Low,22%,2871,Zip X
490,9561,17,158.26,3 per month,41 days,17%,7%,45%,8,High,35%,5047,Zip Y
491,3951,62,95.28,1 per month,30 days,25%,17%,29%,4,Low,47%,5278,Zip E
492,4281,24,124.51,1 per month,46 days,16%,17%,43%,8,Medium,41%,4875,Zip Q
493,600,82,184.73,2 per month,10 days,12%,43%,5%,5,Low,42%,7063,Zip S
494,5290,56,198.1,2 per month,40 days,16%,15%,47%,2,Low,5%,5924,Zip A
495,9537,45,193.68,2 per month,39 days,49%,40%,17%,2,High,10%,8726,Zip T
496,6537,91,165.57,1 per month,3 days,28%,34%,44%,9,Medium,7%,8561,Zip U
497,6127,33,70.43,3 per month,17 days,6%,10%,36%,3,High,14%,7500,Zip Z
498,9363,71,120.19,1 per month,22 days,19%,21%,31%,1,Low,44%,2111,Zip T
499,4165,63,195.24,1 per month,52 days,7%,37%,30%,9,Low,40%,3211,Zip T
500,3607,22,102.95,3 per month,48 days,5%,23%,15%,6,High,20%,3638,Zip N
501,8929,55,73.92,1 per month,47 days,29%,49%,14%,6,High,15%,4815,Zip I
502,7410,17,78.7,1 per month,25 days,39%,36%,48%,4,High,26%,8316,Zip P
503,9997,57,132.4,1 per month,2 days,5%,31%,32%,1,Low,32%,2864,Zip I
504,521,49,53.26,2 per month,41 days,13%,25%,29%,2,High,13%,5621,Zip T
505,7073,29,165.54,2 per month,60 days,12%,48%,33%,8,High,37%,7135,Zip X
506,1753,60,108.89,2 per month,57 days,43%,49%,46%,5,Medium,23%,9811,Zip R
507,6602,75,83.5,3 per month,3 days,43%,49%,18%,5,High,36%,8656,Zip V
508,9092,53,93.74,1 per month,32 days,17%,29%,21%,5,High,20%,1315,Zip H
509,9698,92,170.47,1 per month,6 days,10%,8%,9%,5,High,45%,4552,Zip J
510,3691,88,55.58,3 per month,23 days,34%,12%,49%,6,Medium,9%,1030,Zip F
511,8563,99,165.7,2 per month,19 days,17%,8%,15%,7,Medium,22%,2609,Zip H
512,2234,66,164.34,1 per month,43 days,5%,26%,41%,9,Medium,14%,7235,Zip G
513,7040,82,62.23,3 per month,10 days,38%,15%,5%,5,High,44%,4996,Zip P
514,3918,60,174.66,2 per month,30 days,44%,22%,24%,5,Low,17%,2372,Zip X
515,9278,44,75.81,3 per month,16 days,31%,44%,16%,8,Low,20%,9120,Zip H
516,5546,21,70.46,3 per month,33 days,9%,40%,11%,8,Low,13%,2366,Zip H
517,7746,21,74.96,2 per month,23 days,39%,33%,14%,5,High,5%,3951,Zip Y
518,9522,46,50.41,3 per month,11 days,16%,24%,21%,6,Medium,50%,3325,Zip I
519,3705,59,130.02,2 per month,48 days,19%,40%,16%,8,Medium,6%,1596,Zip L
520,5790,86,105.35,3 per month,49 days,19%,31%,30%,5,High,33%,3963,Zip G
521,5047,91,71.49,2 per month,26 days,31%,35%,21%,6,High,22%,5953,Zip S
522,6782,84,180.31,2 per month,22 days,29%,28%,38%,2,Medium,24%,6295,Zip W
523,5350,58,125.93,2 per month,18 days,35%,19%,46%,5,Low,38%,6541,Zip K
524,1837,84,102.31,3 per month,52 days,5%,48%,31%,1,High,6%,1682,Zip E
525,4047,21,129.91,3 per month,32 days,32%,10%,25%,2,Medium,29%,2549,Zip C
526,887,44,171.38,1 per month,26 days,18%,10%,39%,4,Medium,34%,3651,Zip Z
527,5745,84,75.64,3 per month,1 days,29%,45%,32%,3,High,44%,2465,Zip M
528,4422,86,179.85,3 per month,20 days,7%,10%,36%,1,High,46%,8234,Zip G
529,1721,49,137.82,1 per month,34 days,44%,37%,34%,8,High,15%,8206,Zip Y
530,2424,20,142.33,1 per month,58 days,22%,6%,12%,3,Low,7%,5305,Zip G
531,7685,12,138.28,2 per month,19 days,6%,47%,21%,1,Medium,15%,3637,Zip T
532,9401,85,83.2,3 per month,36 days,42%,42%,43%,2,Low,46%,8625,Zip T
533,9139,56,77.71,3 per month,31 days,27%,37%,25%,9,Low,5%,8913,Zip G
534,850,61,121.6,2 per month,3 days,50%,26%,21%,2,High,38%,6434,Zip M
535,9356,51,103.45,2 per month,50 days,28%,43%,21%,2,Low,30%,2947,Zip F
536,4215,13,86.13,1 per month,35 days,26%,11%,23%,6,Medium,27%,5950,Zip P
537,9116,26,137.19,3 per month,37 days,48%,41%,29%,7,High,10%,6188,Zip W
538,4760,73,178.43,1 per month,36 days,34%,20%,43%,7,Medium,25%,9131,Zip J
539,8238,74,133.53,2 per month,17 days,46%,6%,37%,9,Medium,6%,4303,Zip T
540,9893,23,185.98,3 per month,60 days,13%,7%,6%,2,Medium,48%,8322,Zip C
541,4011,48,157.52,1 per month,44 days,43%,11%,36%,6,Medium,34%,1873,Zip X
542,1173,14,185.07,2 per month,3 days,38%,24%,46%,6,Low,37%,3231,Zip D
543,2438,13,80.26,3 per month,30 days,10%,10%,37%,7,Medium,19%,2620,Zip Y
544,8533,29,138.1,2 per month,26 days,21%,42%,37%,1,High,21%,6515,Zip W
545,9445,91,103.2,3 per month,47 days,11%,30%,17%,4,Medium,29%,5294,Zip J
546,7803,26,161.56,3 per month,8 days,50%,50%,32%,8,High,8%,1348,Zip G
547,2473,81,117.48,2 per month,26 days,11%,13%,22%,3,Low,32%,5354,Zip A
548,9029,34,111.83,1 per month,23 days,22%,41%,46%,1,Medium,33%,7394,Zip B
549,5777,21,71.45,1 per month,32 days,6%,44%,31%,8,High,36%,8067,Zip L
550,8470,32,103.18,3 per month,4 days,49%,38%,7%,8,Medium,15%,5511,Zip C
551,615,70,150.17,1 per month,2 days,14%,17%,6%,7,Medium,18%,8308,Zip O
552,6219,12,126.32,1 per month,18 days,44%,22%,31%,8,High,45%,4904,Zip J
553,8543,18,127.87,1 per month,48 days,47%,23%,40%,1,Medium,12%,5863,Zip J
554,8669,82,147.22,1 per month,3 days,13%,15%,10%,7,Low,39%,5759,Zip P
555,6196,99,91.38,1 per month,17 days,29%,16%,22%,1,Low,38%,6765,Zip M
556,3904,48,83.11,2 per month,44 days,18%,42%,50%,3,Medium,11%,9384,Zip I
557,4742,62,195.16,1 per month,44 days,41%,19%,6%,7,High,38%,7154,Zip H
558,3320,98,70.67,2 per month,38 days,47%,13%,6%,9,High,18%,3367,Zip V
559,2299,73,62.15,2 per month,45 days,25%,13%,36%,9,High,45%,3258,Zip R
560,3191,31,155.55,1 per month,50 days,17%,19%,48%,7,Medium,50%,5212,Zip L
561,9764,14,147.07,1 per month,60 days,31%,21%,29%,4,Medium,40%,2162,Zip Q
562,6937,41,105.65,3 per month,19 days,37%,36%,39%,3,High,30%,8909,Zip T
563,6753,85,61.52,2 per month,44 days,37%,24%,27%,4,Low,25%,8245,Zip D
564,4578,47,91.93,2 per month,49 days,12%,14%,40%,2,High,22%,2987,Zip U
565,5905,17,59.33,3 per month,14 days,40%,44%,35%,5,Low,19%,4620,Zip K
566,5111,32,198.37,2 per month,49 days,11%,22%,38%,1,Medium,43%,6635,Zip M
567,8766,52,154.31,3 per month,34 days,49%,18%,33%,9,Low,8%,4491,Zip L
568,7134,69,114.78,3 per month,34 days,35%,10%,40%,3,Medium,25%,3806,Zip D
569,6507,64,187.96,1 per month,22 days,12%,13%,50%,7,Low,48%,8752,Zip R
570,4104,83,134.82,3 per month,25 days,37%,47%,35%,8,Low,22%,6128,Zip Y
571,3780,61,156.69,1 per month,54 days,33%,31%,42%,8,Low,10%,1465,Zip E
572,5662,92,126.02,3 per month,17 days,35%,16%,16%,9,Low,50%,3001,Zip T
573,6118,33,173.97,3 per month,14 days,16%,17%,42%,1,High,43%,2404,Zip P
574,528,93,197.37,3 per month,8 days,34%,42%,6%,3,High,42%,8877,Zip T
575,1934,35,111.82,1 per month,37 days,40%,6%,43%,2,Medium,16%,2979,Zip S
576,3403,67,72.09,3 per month,22 days,26%,27%,27%,7,Low,11%,1720,Zip M
577,3752,79,110.28,2 per month,52 days,13%,39%,18%,4,High,34%,5537,Zip Q
578,6948,99,169.66,1 per month,60 days,31%,47%,24%,7,Medium,6%,8540,Zip L
579,9469,55,50.03,2 per month,16 days,21%,35%,32%,8,Low,35%,1854,Zip Z
580,7926,98,193.19,3 per month,38 days,29%,48%,9%,5,High,27%,9931,Zip I
581,9577,61,149.38,3 per month,44 days,10%,13%,19%,1,Low,21%,5963,Zip R
582,1112,69,96.6,2 per month,47 days,41%,22%,11%,9,Low,32%,9784,Zip E
583,4686,54,123.47,2 per month,35 days,37%,10%,15%,3,High,16%,1117,Zip V
584,9784,36,89.61,2 per month,44 days,26%,49%,43%,4,Medium,7%,2327,Zip E
585,9309,53,115.39,3 per month,57 days,19%,44%,34%,3,Medium,50%,1450,Zip Z
586,4608,42,145.73,3 per month,23 days,34%,49%,45%,9,High,38%,1011,Zip C
587,6236,40,151.11,1 per month,11 days,20%,22%,13%,1,High,16%,5312,Zip E
588,4763,24,98.42,1 per month,59 days,27%,43%,36%,7,High,15%,8704,Zip C
589,9620,81,53.44,3 per month,56 days,35%,19%,25%,7,High,32%,7272,Zip I
590,9614,71,106.58,1 per month,58 days,31%,5%,33%,6,Medium,50%,8612,Zip B
591,599,11,106.31,3 per month,10 days,6%,14%,49%,8,Low,50%,7231,Zip W
592,7885,57,111.8,1 per month,22 days,33%,18%,14%,4,Low,17%,5609,Zip U
593,2854,53,194.86,2 per month,55 days,5%,41%,36%,7,Medium,24%,1349,Zip H
594,6408,25,195.51,3 per month,48 days,40%,48%,21%,9,Medium,43%,5143,Zip U
595,2108,78,72.31,3 per month,53 days,30%,5%,36%,6,High,39%,8782,Zip Q
596,5894,84,187.01,2 per month,1 days,33%,31%,26%,3,Medium,42%,7374,Zip L
597,9612,95,196.77,2 per month,38 days,19%,13%,50%,9,Low,8%,2260,Zip X
598,8219,49,88.5,1 per month,53 days,32%,14%,38%,2,Low,8%,1434,Zip M
599,784,96,161.15,2 per month,4 days,20%,36%,19%,5,High,19%,7355,Zip R
600,500,10,76.32,2 per month,37 days,21%,39%,7%,1,Medium,6%,9699,Zip L
601,5303,91,120.79,2 per month,10 days,35%,7%,28%,5,Low,41%,1750,Zip X
602,6351,68,141.08,2 per month,23 days,35%,37%,37%,8,Low,47%,2877,Zip D
603,3463,22,76.94,2 per month,24 days,14%,25%,21%,1,Low,28%,1546,Zip W
604,9878,53,132.08,2 per month,19 days,19%,19%,30%,2,Low,21%,8649,Zip X
605,2598,64,160.82,1 per month,41 days,33%,47%,39%,5,High,34%,8039,Zip Z
606,5466,57,150.11,1 per month,19 days,23%,16%,46%,1,High,44%,8643,Zip Q
607,2568,32,144.61,3 per month,21 days,28%,34%,43%,1,Low,23%,1361,Zip W
608,7327,41,68.06,1 per month,32 days,46%,25%,11%,1,Low,22%,4045,Zip S
609,6104,44,193.46,1 per month,51 days,36%,47%,24%,4,Medium,38%,1817,Zip X
610,7009,52,71.14,2 per month,26 days,43%,33%,13%,9,Low,26%,1211,Zip P
611,8374,78,141.84,3 per month,39 days,14%,19%,37%,7,High,28%,3867,Zip A
612,8917,72,69.43,2 per month,28 days,38%,46%,13%,3,Low,13%,9993,Zip Y
613,8320,46,130.96,1 per month,11 days,48%,45%,14%,1,Low,9%,8300,Zip G
614,2307,93,180.12,1 per month,1 days,10%,22%,9%,7,Medium,46%,7387,Zip R
615,3690,54,144.54,2 per month,51 days,17%,48%,26%,6,Medium,33%,9263,Zip Z
616,2432,91,186.29,2 per month,10 days,24%,50%,17%,7,Medium,39%,2464,Zip N
617,4473,80,148.78,1 per month,37 days,38%,17%,7%,2,High,12%,6758,Zip A
618,766,16,118.31,2 per month,3 days,45%,11%,6%,5,Medium,11%,3611,Zip N
619,5882,58,120.03,3 per month,29 days,48%,27%,36%,5,High,14%,9415,Zip V
620,9306,19,81.75,3 per month,9 days,12%,36%,35%,3,High,15%,7205,Zip N
621,2918,38,193.08,1 per month,22 days,8%,22%,9%,3,High,26%,5797,Zip S
622,7334,87,96.64,3 per month,60 days,14%,27%,41%,5,Medium,31%,9898,Zip R
623,8000,66,109.99,3 per month,1 days,26%,39%,38%,4,High,18%,8097,Zip R
624,5265,19,54.47,1 per month,47 days,7%,42%,8%,4,High,39%,2177,Zip H
625,6141,95,108.2,2 per month,31 days,26%,23%,13%,7,Medium,21%,6876,Zip D
626,9319,76,67.51,2 per month,59 days,44%,18%,45%,1,High,27%,7009,Zip C
627,9660,19,78.71,1 per month,43 days,15%,23%,34%,9,High,45%,9573,Zip K
628,4985,46,168.43,3 per month,53 days,34%,40%,41%,6,Low,27%,7021,Zip N
629,7272,38,120.83,2 per month,43 days,29%,30%,13%,6,Low,21%,7819,Zip R
630,8873,74,175.66,2 per month,50 days,48%,9%,41%,3,Low,37%,6364,Zip J
631,2783,84,98.43,2 per month,17 days,17%,16%,21%,1,High,5%,6812,Zip U
632,4789,23,107.48,1 per month,48 days,31%,29%,10%,5,Low,38%,8217,Zip G
633,7232,12,174.82,1 per month,40 days,36%,12%,24%,1,Low,9%,5083,Zip P
634,620,47,60.14,2 per month,13 days,17%,42%,27%,6,Low,47%,2489,Zip O
635,9217,81,173.06,1 per month,5 days,15%,46%,13%,3,Low,31%,3251,Zip F
636,722,97,80.81,1 per month,36 days,30%,11%,34%,4,Low,47%,4490,Zip U
637,4176,91,148.24,1 per month,60 days,8%,38%,28%,3,Low,12%,3027,Zip U
638,4832,13,129.93,3 per month,28 days,26%,13%,7%,9,High,41%,8034,Zip V
639,4132,90,168.39,3 per month,18 days,48%,50%,26%,1,High,50%,1939,Zip S
640,9614,92,164.97,1 per month,54 days,38%,34%,11%,7,Low,31%,8034,Zip S
641,7826,60,136.31,3 per month,12 days,17%,14%,11%,1,High,34%,6630,Zip J
642,8057,71,137.1,2 per month,34 days,25%,32%,44%,2,High,9%,7300,Zip Q
643,3044,92,160.15,1 per month,11 days,16%,21%,48%,4,High,11%,7678,Zip R
644,6932,38,141.58,3 per month,5 days,38%,39%,12%,6,Medium,34%,7233,Zip P
645,562,45,133.85,3 per month,43 days,39%,17%,24%,2,Medium,45%,6153,Zip Z
646,6990,63,124.65,3 per month,41 days,50%,16%,47%,3,High,14%,9801,Zip L
647,2523,36,193.63,2 per month,11 days,43%,9%,24%,1,Medium,29%,2012,Zip D
648,8842,52,83.19,1 per month,38 days,42%,21%,42%,6,Medium,16%,7745,Zip X
649,9095,56,115.56,2 per month,8 days,32%,33%,28%,7,Low,31%,8547,Zip A
650,2937,79,112.82,2 per month,33 days,14%,25%,16%,2,High,40%,3240,Zip K
651,3352,38,137.98,1 per month,41 days,45%,29%,5%,3,High,7%,5364,Zip Y
652,627,53,152.57,1 per month,51 days,49%,37%,47%,7,High,27%,1241,Zip L
653,2008,93,83.42,3 per month,35 days,44%,8%,35%,7,High,32%,6447,Zip O
654,3008,72,134.28,3 per month,39 days,36%,27%,30%,8,High,22%,2574,Zip E
655,7822,84,188.06,2 per month,25 days,47%,29%,30%,1,Medium,23%,2979,Zip R
656,9799,84,85.15,3 per month,49 days,41%,29%,45%,6,High,14%,6705,Zip I
657,2522,19,66.62,3 per month,28 days,18%,40%,18%,5,High,10%,2214,Zip B
658,9851,85,91.88,2 per month,18 days,43%,13%,10%,8,Low,45%,4738,Zip C
659,3752,48,132.91,3 per month,20 days,33%,50%,31%,5,Low,41%,4825,Zip O
660,1092,41,117.87,1 per month,19 days,7%,50%,22%,7,High,33%,3234,Zip F
661,7057,32,116.06,3 per month,1 days,20%,39%,36%,7,Medium,39%,2006,Zip Z
662,1524,67,148.13,3 per month,28 days,36%,41%,32%,9,High,25%,3807,Zip P
663,4299,31,187.47,3 per month,50 days,43%,14%,47%,7,Medium,43%,8494,Zip U
664,5169,71,77.88,2 per month,53 days,25%,46%,36%,1,High,17%,9258,Zip J
665,2871,51,102.29,1 per month,46 days,40%,7%,29%,3,Medium,40%,3353,Zip U
666,8264,51,107.77,2 per month,18 days,17%,24%,14%,1,High,47%,4533,Zip Q
667,616,33,73.01,2 per month,17 days,5%,44%,32%,1,High,47%,8859,Zip E
668,9433,62,183.58,3 per month,35 days,7%,33%,18%,9,Low,47%,6919,Zip F
669,8435,33,189.87,3 per month,34 days,8%,38%,32%,5,Medium,7%,1871,Zip S
670,1324,82,199.88,1 per month,36 days,13%,41%,45%,1,High,19%,2695,Zip C
671,7596,51,85.58,3 per month,21 days,20%,31%,17%,2,High,33%,7099,Zip V
672,7204,70,60.76,1 per month,22 days,33%,18%,22%,1,Low,45%,5537,Zip H
673,5765,57,72.26,1 per month,13 days,48%,34%,9%,9,Medium,37%,7490,Zip Q
674,8621,25,173.13,2 per month,46 days,44%,18%,13%,6,Medium,31%,8283,Zip V
675,4093,46,189.45,2 per month,51 days,19%,30%,34%,3,High,13%,1405,Zip W
676,5810,75,103.38,2 per month,28 days,47%,10%,25%,9,High,40%,5980,Zip F
677,9434,52,194.37,1 per month,51 days,48%,11%,28%,1,Medium,39%,7987,Zip O
678,7874,10,169.54,2 per month,10 days,11%,39%,23%,6,High,7%,4363,Zip B
679,9109,93,103.02,2 per month,55 days,38%,30%,33%,1,Low,17%,3018,Zip D
680,2776,16,177.64,3 per month,1 days,32%,12%,26%,9,Medium,23%,6757,Zip Z
681,2363,77,146.15,1 per month,49 days,46%,37%,20%,6,High,40%,7872,Zip Q
682,7986,41,116.97,1 per month,33 days,45%,48%,15%,7,High,18%,5270,Zip L
683,8699,39,117.79,1 per month,10 days,23%,34%,34%,5,Medium,21%,9800,Zip Y
684,7153,26,194.32,2 per month,51 days,48%,46%,13%,5,High,8%,5420,Zip K
685,9482,77,93.95,2 per month,43 days,26%,15%,50%,3,High,37%,4123,Zip N
686,2390,36,150.45,1 per month,45 days,36%,7%,26%,5,Medium,28%,9248,Zip L
687,2116,16,170.63,3 per month,60 days,48%,17%,19%,1,Medium,49%,4559,Zip H
688,9871,21,107.81,3 per month,51 days,17%,19%,36%,9,Medium,23%,3114,Zip D
689,5091,91,119.64,3 per month,37 days,15%,20%,14%,2,Low,29%,1545,Zip N
690,1126,65,146.34,3 per month,25 days,28%,11%,11%,8,High,13%,6081,Zip Z
691,6603,53,138.17,1 per month,24 days,40%,43%,39%,5,Medium,7%,3971,Zip X
692,6466,77,159.98,1 per month,30 days,27%,29%,42%,2,Medium,17%,3925,Zip P
693,9490,30,178.35,1 per month,3 days,50%,31%,43%,1,High,44%,4542,Zip X
694,2638,24,131.26,3 per month,36 days,33%,9%,33%,6,Low,24%,2834,Zip T
695,7319,24,193.91,3 per month,59 days,30%,40%,25%,2,High,18%,2030,Zip S
696,7739,90,92.17,3 per month,27 days,33%,18%,16%,9,Medium,33%,8093,Zip Q
697,7521,73,60.01,3 per month,41 days,47%,38%,10%,2,Medium,23%,2629,Zip C
698,5017,53,107.65,2 per month,40 days,25%,17%,47%,7,High,5%,2674,Zip S
699,9129,37,194.61,3 per month,52 days,34%,18%,25%,1,Low,7%,1515,Zip T
700,6745,97,164.59,2 per month,52 days,9%,36%,15%,1,Low,32%,7333,Zip W
701,7508,30,79.53,1 per month,49 days,14%,10%,22%,3,High,32%,6736,Zip S
702,2245,33,196.96,1 per month,15 days,19%,17%,27%,1,Medium,40%,9908,Zip O
703,8792,44,155.36,2 per month,58 days,12%,11%,47%,8,High,49%,1195,Zip J
704,1909,42,169.89,3 per month,2 days,14%,37%,50%,3,Low,5%,9411,Zip A
705,1265,75,58.08,2 per month,24 days,30%,13%,12%,8,High,49%,3824,Zip K
706,5777,32,158.4,1 per month,34 days,34%,43%,12%,6,Low,15%,5198,Zip R
707,5497,31,122.54,1 per month,11 days,50%,17%,29%,5,High,48%,5193,Zip P
708,8644,67,169.24,2 per month,44 days,39%,40%,25%,1,High,11%,7507,Zip D
709,4826,78,157.41,1 per month,13 days,18%,41%,25%,8,High,28%,9287,Zip V
710,6556,55,76.46,1 per month,41 days,28%,38%,24%,9,Low,31%,1669,Zip V
711,3210,49,187.81,2 per month,23 days,50%,45%,26%,2,Low,19%,8728,Zip Z
712,3602,34,136.66,1 per month,41 days,7%,44%,5%,4,Low,22%,6308,Zip R
713,7175,96,107.86,3 per month,45 days,6%,32%,17%,3,Medium,30%,7509,Zip X
714,5256,27,84.16,1 per month,32 days,30%,43%,47%,3,High,37%,8248,Zip J
715,7518,62,167.53,2 per month,2 days,18%,30%,46%,6,Medium,27%,5184,Zip D
716,3134,18,195.61,2 per month,47 days,10%,46%,24%,8,Low,41%,4462,Zip T
717,623,15,160.33,3 per month,48 days,31%,21%,45%,2,High,14%,3568,Zip Z
718,6960,96,141.48,2 per month,16 days,42%,48%,16%,6,High,10%,1846,Zip L
719,2129,92,192.55,1 per month,37 days,41%,35%,15%,4,Low,25%,9891,Zip B
720,6172,20,156.74,2 per month,58 days,31%,45%,40%,6,Medium,18%,4623,Zip Y
721,9925,72,118.47,2 per month,16 days,39%,45%,15%,7,High,47%,2688,Zip S
722,1820,39,98.25,3 per month,18 days,18%,43%,35%,4,Low,7%,2545,Zip Y
723,3038,21,78.31,2 per month,12 days,45%,6%,20%,7,Medium,30%,9447,Zip F
724,3089,40,181.05,1 per month,49 days,5%,27%,10%,8,High,29%,5824,Zip Z
725,8274,81,158.43,2 per month,60 days,47%,27%,50%,6,Medium,22%,2262,Zip J
726,7906,68,196.71,1 per month,27 days,13%,18%,38%,7,Medium,26%,1401,Zip V
727,4978,52,61.28,1 per month,5 days,38%,49%,21%,6,Low,17%,9072,Zip F
728,7511,95,97.21,2 per month,37 days,46%,46%,50%,8,High,37%,9303,Zip K
729,7835,81,110.97,3 per month,29 days,36%,7%,11%,6,Medium,50%,2473,Zip P
730,8337,35,194.38,1 per month,16 days,24%,17%,8%,4,High,20%,7791,Zip H
731,9200,64,138.62,2 per month,48 days,29%,33%,29%,4,Medium,41%,7420,Zip M
732,3637,93,152.01,2 per month,46 days,39%,18%,10%,5,Medium,42%,5994,Zip K
733,1908,35,90.63,1 per month,29 days,39%,38%,30%,1,Medium,41%,4104,Zip U
734,1611,55,88.62,1 per month,56 days,9%,48%,34%,2,Medium,7%,3518,Zip W
735,4377,13,101.42,1 per month,33 days,10%,18%,36%,4,Low,36%,3428,Zip R
736,5987,94,62.6,2 per month,58 days,43%,5%,47%,4,High,20%,5618,Zip A
737,5325,93,190.93,1 per month,52 days,36%,14%,14%,4,High,18%,3014,Zip L
738,2027,47,110.77,3 per month,52 days,5%,20%,50%,9,High,22%,1904,Zip K
739,9817,43,80.08,1 per month,46 days,18%,34%,14%,9,Medium,15%,3245,Zip S
740,1821,70,101.57,1 per month,7 days,31%,35%,8%,4,Low,16%,3331,Zip O
741,4452,99,79.37,1 per month,13 days,44%,10%,12%,9,Medium,33%,3266,Zip G
742,3615,17,88.38,1 per month,11 days,28%,43%,14%,5,High,19%,2632,Zip O
743,1634,70,163.64,3 per month,29 days,24%,22%,45%,1,Low,7%,7696,Zip N
744,4025,47,85.7,3 per month,60 days,10%,46%,12%,7,Low,10%,8188,Zip S
745,4970,94,154.83,3 per month,5 days,6%,23%,30%,9,Medium,19%,4608,Zip X
746,3463,26,139.0,1 per month,60 days,20%,30%,43%,7,Medium,30%,6408,Zip Z
747,7395,55,71.76,3 per month,28 days,44%,26%,11%,4,Medium,30%,4401,Zip S
748,8575,49,164.56,1 per month,41 days,6%,47%,23%,9,Medium,32%,4484,Zip K
749,8571,43,177.93,2 per month,26 days,42%,50%,10%,3,Medium,45%,6635,Zip N
750,4878,75,193.4,2 per month,18 days,37%,24%,41%,9,High,6%,8392,Zip N
751,9252,83,193.85,3 per month,17 days,28%,47%,42%,9,High,14%,6542,Zip P
752,3242,97,155.96,1 per month,28 days,14%,10%,11%,9,High,44%,5716,Zip G
753,5204,78,93.7,3 per month,57 days,34%,44%,18%,3,Low,23%,6109,Zip F
754,4952,34,55.69,1 per month,49 days,21%,12%,24%,6,High,50%,4781,Zip P
755,7243,16,108.53,1 per month,50 days,12%,36%,30%,7,Low,24%,1001,Zip B
756,6130,70,159.97,1 per month,23 days,42%,28%,16%,6,High,46%,7334,Zip Y
757,3062,98,191.1,2 per month,40 days,33%,44%,38%,9,Medium,7%,9623,Zip G
758,7934,71,67.03,1 per month,21 days,22%,44%,33%,6,Medium,41%,1436,Zip B
759,3866,69,131.34,2 per month,6 days,19%,46%,49%,9,Medium,18%,8024,Zip P
760,7578,84,121.22,2 per month,20 days,29%,10%,22%,3,Medium,24%,3072,Zip A
761,9304,39,56.86,3 per month,2 days,29%,19%,26%,1,Low,36%,2093,Zip F
762,5045,38,147.6,2 per month,32 days,37%,13%,45%,3,Low,29%,8783,Zip D
763,1071,34,180.89,1 per month,1 days,26%,31%,16%,1,High,12%,8369,Zip F
764,4248,13,119.28,1 per month,49 days,19%,20%,46%,3,Low,44%,5442,Zip Q
765,1401,92,128.49,1 per month,17 days,42%,6%,30%,1,High,48%,5464,Zip G
766,2809,31,76.67,2 per month,13 days,21%,36%,21%,9,Low,49%,5454,Zip V
767,6682,16,68.17,2 per month,49 days,10%,23%,16%,1,Medium,27%,3990,Zip X
768,6732,94,142.08,2 per month,26 days,7%,14%,15%,5,Medium,10%,9597,Zip D
769,6339,31,157.46,2 per month,25 days,14%,38%,10%,5,Medium,47%,5522,Zip V
770,7014,37,93.13,2 per month,28 days,25%,45%,18%,4,Medium,34%,4788,Zip D
771,9981,36,124.92,3 per month,50 days,45%,28%,45%,6,Low,28%,4414,Zip N
772,7800,99,193.71,3 per month,41 days,42%,48%,38%,3,Medium,19%,4092,Zip G
773,3596,74,55.0,2 per month,41 days,41%,14%,27%,5,High,44%,9969,Zip Q
774,3958,13,85.37,1 per month,44 days,36%,12%,48%,1,Medium,42%,9804,Zip A
775,8519,63,65.46,3 per month,25 days,9%,37%,34%,6,Low,7%,8299,Zip F
776,4471,47,173.3,1 per month,45 days,38%,25%,47%,6,Medium,11%,1745,Zip M
777,4161,17,198.84,1 per month,57 days,35%,25%,10%,8,Medium,27%,4647,Zip F
778,1791,90,73.96,3 per month,53 days,32%,48%,26%,8,Low,47%,7206,Zip D
779,9089,85,162.79,3 per month,3 days,25%,9%,38%,2,High,34%,8181,Zip N
780,3032,21,93.11,2 per month,38 days,29%,28%,32%,3,High,17%,6591,Zip K
781,2629,12,99.31,1 per month,30 days,6%,17%,24%,9,Medium,24%,5478,Zip Q
782,9870,64,189.48,2 per month,23 days,12%,17%,34%,8,Medium,23%,6631,Zip Y
783,2211,15,156.88,1 per month,54 days,32%,23%,8%,9,Medium,11%,9301,Zip H
784,6302,27,171.81,1 per month,37 days,43%,38%,13%,2,High,5%,4351,Zip V
785,8558,88,118.21,1 per month,9 days,47%,49%,27%,4,High,9%,2273,Zip O
786,2989,15,99.09,2 per month,37 days,13%,32%,16%,3,Medium,47%,3166,Zip B
787,1669,88,70.75,3 per month,46 days,14%,46%,36%,9,Low,43%,1231,Zip D
788,4557,91,143.81,1 per month,18 days,6%,29%,19%,8,Medium,32%,7014,Zip D
789,7113,40,151.98,1 per month,21 days,12%,30%,19%,2,Low,17%,2871,Zip G
790,683,13,189.56,1 per month,53 days,50%,7%,9%,7,Medium,36%,9203,Zip Q
791,4707,10,68.77,2 per month,2 days,32%,14%,13%,1,High,18%,1218,Zip D
792,5846,54,160.56,2 per month,26 days,20%,33%,33%,9,Low,36%,8007,Zip D
793,3327,54,131.98,2 per month,31 days,7%,9%,32%,5,Medium,40%,8482,Zip R
794,6741,71,118.6,3 per month,59 days,45%,23%,11%,7,High,48%,7219,Zip W
795,2786,10,162.94,1 per month,34 days,22%,45%,28%,7,Medium,30%,5225,Zip C
796,5631,27,141.09,1 per month,9 days,21%,47%,19%,2,High,38%,6241,Zip T
797,7637,39,65.41,3 per month,3 days,29%,14%,12%,4,Medium,35%,3969,Zip C
798,5717,44,112.87,1 per month,6 days,12%,38%,25%,1,Medium,15%,7430,Zip A
799,5971,69,199.35,2 per month,37 days,27%,17%,13%,8,Low,14%,2111,Zip F
800,2849,31,165.13,1 per month,56 days,23%,43%,17%,2,Medium,5%,5884,Zip I
801,3322,73,164.39,3 per month,23 days,28%,36%,20%,8,Low,38%,5913,Zip O
802,3098,27,188.33,1 per month,24 days,44%,27%,44%,2,Low,34%,6000,Zip S
803,4647,48,159.41,1 per month,1 days,45%,14%,40%,6,Medium,9%,5416,Zip Q
804,9732,89,177.2,2 per month,5 days,17%,42%,25%,6,Low,31%,7050,Zip E
805,8587,11,110.16,2 per month,13 days,39%,14%,47%,7,Low,45%,6990,Zip J
806,5367,25,110.02,3 per month,46 days,39%,41%,36%,8,High,49%,5261,Zip V
807,2382,96,193.55,2 per month,8 days,8%,32%,26%,8,Low,25%,6910,Zip J
808,8302,27,163.62,3 per month,43 days,26%,21%,42%,9,Medium,16%,3621,Zip S
809,6033,63,120.7,1 per month,35 days,37%,18%,45%,5,Medium,10%,7442,Zip S
810,1145,32,123.44,3 per month,31 days,40%,12%,35%,6,Medium,41%,7059,Zip T
811,5997,87,52.49,2 per month,3 days,5%,15%,37%,9,High,44%,9621,Zip H
812,4539,57,84.46,2 per month,21 days,15%,13%,47%,7,High,26%,7293,Zip K
813,7427,76,120.7,3 per month,60 days,36%,33%,22%,9,Low,34%,7341,Zip I
814,7490,21,94.07,2 per month,54 days,6%,39%,23%,6,Medium,44%,2579,Zip Y
815,6824,19,197.27,1 per month,55 days,45%,32%,6%,9,Low,17%,1535,Zip E
816,5979,50,67.33,1 per month,2 days,21%,16%,44%,9,High,50%,8589,Zip X
817,6907,64,125.83,2 per month,21 days,26%,7%,48%,5,Low,36%,2968,Zip U
818,1261,61,51.49,3 per month,26 days,13%,24%,44%,6,Medium,48%,3855,Zip P
819,9639,57,90.88,2 per month,58 days,27%,35%,16%,3,Medium,31%,6736,Zip F
820,4497,14,83.66,3 per month,9 days,11%,41%,22%,2,Low,8%,7950,Zip K
821,5291,20,140.76,3 per month,49 days,44%,10%,17%,2,High,15%,8162,Zip V
822,1125,16,183.08,1 per month,41 days,40%,48%,37%,8,Low,21%,8856,Zip G
823,9087,54,134.97,2 per month,18 days,31%,28%,40%,8,Medium,23%,8040,Zip H
824,6337,82,146.62,2 per month,27 days,9%,46%,50%,1,Low,39%,7281,Zip E
825,3883,18,91.99,1 per month,43 days,21%,11%,12%,7,High,23%,9956,Zip X
826,3055,82,96.33,2 per month,10 days,41%,11%,24%,4,High,47%,2692,Zip T
827,5100,28,124.85,3 per month,39 days,11%,36%,33%,3,Medium,32%,8203,Zip M
828,5805,12,135.28,2 per month,10 days,38%,20%,16%,2,High,42%,4604,Zip P
829,7258,79,131.95,2 per month,26 days,9%,38%,12%,2,Low,5%,4334,Zip M
830,8262,39,89.01,1 per month,56 days,42%,7%,8%,1,Medium,46%,2241,Zip B
831,3808,37,71.9,2 per month,20 days,13%,6%,34%,8,Low,36%,3286,Zip S
832,665,27,105.26,2 per month,33 days,36%,50%,38%,8,Low,9%,4469,Zip F
833,1915,68,167.62,2 per month,4 days,7%,48%,38%,1,Low,35%,1111,Zip T
834,2321,21,139.42,1 per month,11 days,38%,42%,40%,4,Low,23%,1601,Zip Z
835,9794,59,77.28,1 per month,9 days,19%,10%,44%,7,Medium,34%,7486,Zip A
836,1023,82,84.98,1 per month,58 days,27%,34%,41%,5,Medium,48%,5650,Zip J
837,7728,98,185.63,2 per month,9 days,11%,21%,39%,9,High,40%,4357,Zip D
838,8795,13,109.43,1 per month,59 days,40%,42%,47%,2,High,28%,1758,Zip B
839,1199,21,178.06,3 per month,31 days,50%,21%,29%,5,High,35%,6444,Zip N
840,6773,67,196.62,3 per month,46 days,18%,49%,31%,6,Medium,44%,2492,Zip B
841,948,60,103.68,3 per month,42 days,16%,40%,25%,5,Low,9%,2708,Zip E
842,8646,25,51.94,1 per month,46 days,49%,29%,43%,3,Medium,46%,2487,Zip G
843,3967,67,159.17,3 per month,49 days,47%,15%,26%,7,Medium,24%,9188,Zip J
844,7017,13,122.82,2 per month,47 days,19%,20%,19%,4,High,18%,8940,Zip C
845,3587,70,183.11,2 per month,3 days,30%,45%,26%,3,Medium,31%,3003,Zip V
846,631,49,75.38,1 per month,47 days,17%,12%,36%,3,Medium,34%,3981,Zip G
847,713,95,86.49,2 per month,53 days,43%,48%,14%,4,Medium,27%,2344,Zip A
848,3856,39,120.75,2 per month,34 days,49%,42%,38%,1,Low,33%,6394,Zip S
849,2114,63,70.37,1 per month,3 days,33%,38%,6%,1,Low,46%,7775,Zip O
850,3427,77,104.05,1 per month,53 days,27%,15%,35%,7,High,14%,7691,Zip M
851,9525,66,52.33,2 per month,36 days,15%,36%,13%,5,High,49%,3388,Zip N
852,5440,85,170.27,2 per month,45 days,22%,46%,5%,4,Low,35%,4677,Zip V
853,1791,89,65.11,3 per month,48 days,27%,45%,10%,1,Medium,28%,8724,Zip P
854,9997,55,139.38,1 per month,45 days,40%,20%,40%,1,High,9%,9934,Zip G
855,1883,89,89.33,2 per month,41 days,17%,5%,6%,9,High,21%,9452,Zip I
856,9550,21,54.5,2 per month,25 days,18%,19%,13%,9,Low,46%,8878,Zip W
857,5345,15,66.45,3 per month,12 days,34%,14%,12%,3,High,41%,3269,Zip V
858,6038,40,154.88,3 per month,23 days,25%,50%,8%,5,Medium,18%,3493,Zip C
859,3570,68,183.66,1 per month,52 days,13%,43%,25%,5,Medium,42%,3320,Zip W
860,1156,78,58.2,2 per month,38 days,22%,48%,24%,9,Low,13%,4434,Zip L
861,3093,69,92.22,1 per month,53 days,40%,14%,47%,6,High,47%,1689,Zip P
862,3605,42,109.76,2 per month,6 days,47%,45%,17%,9,Low,38%,1024,Zip N
863,7840,47,196.8,1 per month,6 days,5%,14%,9%,3,High,23%,7009,Zip K
864,2010,53,116.4,3 per month,36 days,10%,42%,48%,7,High,46%,2544,Zip T
865,9500,70,173.73,2 per month,12 days,47%,44%,8%,7,Low,10%,9904,Zip A
866,1630,55,92.17,3 per month,53 days,25%,16%,19%,1,High,16%,2632,Zip V
867,1095,39,120.23,2 per month,17 days,24%,9%,16%,2,Low,5%,5352,Zip B
868,5350,37,173.88,1 per month,13 days,50%,11%,28%,6,Low,40%,5907,Zip D
869,1940,37,165.3,1 per month,52 days,25%,22%,29%,4,High,42%,1262,Zip S
870,5515,39,85.78,2 per month,17 days,7%,11%,46%,4,High,48%,8632,Zip T
871,824,82,87.91,1 per month,21 days,10%,22%,38%,5,Medium,49%,5405,Zip P
872,6035,85,132.27,3 per month,45 days,44%,44%,44%,2,Low,39%,1741,Zip O
873,9354,88,190.7,2 per month,46 days,5%,34%,48%,3,High,34%,9323,Zip G
874,7732,48,67.99,3 per month,17 days,23%,41%,28%,5,Low,40%,9288,Zip W
875,8409,21,165.81,3 per month,51 days,12%,21%,31%,9,High,35%,1416,Zip O
876,579,84,160.64,1 per month,17 days,15%,42%,18%,2,Medium,22%,3318,Zip Q
877,8775,99,177.62,2 per month,34 days,50%,31%,30%,4,High,16%,3914,Zip A
878,7427,42,183.38,3 per month,60 days,22%,7%,7%,1,Medium,5%,8998,Zip I
879,5630,60,182.51,2 per month,30 days,17%,50%,43%,8,Medium,46%,8525,Zip H
880,6120,50,185.14,1 per month,59 days,37%,9%,19%,9,Low,32%,2859,Zip B
881,9540,80,197.11,3 per month,10 days,40%,14%,41%,3,Medium,27%,3957,Zip H
882,2231,40,99.86,2 per month,49 days,27%,33%,5%,2,Medium,24%,9082,Zip Y
883,1860,32,189.35,1 per month,58 days,33%,8%,33%,7,Low,32%,4362,Zip K
884,5940,85,192.13,3 per month,29 days,10%,27%,5%,9,Low,8%,2522,Zip Z
885,9845,45,147.23,2 per month,36 days,31%,26%,31%,3,Medium,49%,9644,Zip X
886,863,94,149.69,2 per month,10 days,37%,21%,14%,9,High,7%,7731,Zip Q
887,5062,78,103.78,3 per month,3 days,39%,45%,17%,2,Medium,7%,3965,Zip I
888,2886,73,161.8,1 per month,41 days,31%,31%,9%,8,High,20%,7257,Zip Y
889,9389,14,140.38,1 per month,38 days,12%,29%,42%,5,Medium,32%,7355,Zip B
890,3978,59,167.95,2 per month,12 days,10%,6%,45%,5,High,46%,2736,Zip M
891,8451,39,73.03,3 per month,42 days,42%,23%,13%,3,Medium,10%,4534,Zip L
892,9603,73,172.19,1 per month,33 days,34%,46%,25%,5,Low,7%,1106,Zip W
893,3899,71,158.51,1 per month,3 days,25%,20%,22%,8,Medium,29%,9657,Zip G
894,4909,93,131.89,2 per month,58 days,16%,18%,23%,4,Low,35%,2248,Zip H
895,3374,36,88.96,2 per month,49 days,23%,10%,33%,5,Low,43%,5619,Zip G
896,2817,83,64.65,3 per month,21 days,20%,42%,26%,8,High,18%,6736,Zip K
897,6534,60,122.72,3 per month,53 days,45%,14%,38%,1,Low,12%,9514,Zip A
898,578,27,71.69,3 per month,5 days,32%,20%,31%,5,Low,22%,8920,Zip T
899,8642,81,164.27,2 per month,13 days,48%,38%,36%,5,High,6%,1790,Zip W
900,6408,66,188.68,2 per month,42 days,49%,18%,26%,9,Medium,16%,7340,Zip D
901,6203,45,173.05,1 per month,51 days,23%,33%,22%,8,High,35%,6930,Zip B
902,7913,83,99.57,3 per month,30 days,7%,25%,38%,9,Low,43%,3235,Zip C
903,3663,57,71.9,2 per month,40 days,6%,5%,24%,6,Low,8%,8505,Zip H
904,6688,58,51.19,2 per month,16 days,5%,21%,33%,7,Low,9%,8015,Zip Z
905,8451,81,149.55,2 per month,52 days,45%,31%,39%,3,High,6%,9397,Zip L
906,2123,77,78.14,3 per month,30 days,22%,42%,26%,9,Low,21%,4939,Zip T
907,6591,81,157.48,1 per month,34 days,9%,38%,30%,9,High,14%,9049,Zip X
908,2113,72,136.31,3 per month,11 days,47%,40%,47%,9,Low,33%,6626,Zip D
909,9202,82,120.5,1 per month,46 days,25%,13%,26%,1,Low,15%,1941,Zip R
910,8081,47,165.13,1 per month,22 days,25%,50%,30%,1,Low,18%,5403,Zip M
911,6227,15,197.16,1 per month,59 days,40%,26%,22%,2,Low,20%,3386,Zip I
912,8312,65,69.29,2 per month,42 days,46%,50%,49%,1,High,46%,1919,Zip U
913,5541,56,132.58,2 per month,9 days,23%,41%,5%,6,Low,19%,4338,Zip G
914,2891,48,96.98,3 per month,31 days,8%,46%,18%,9,Medium,39%,4917,Zip Z
915,8388,59,54.19,2 per month,50 days,50%,39%,50%,4,Medium,47%,7099,Zip F
916,7709,18,54.4,1 per month,36 days,20%,29%,34%,1,Low,6%,2164,Zip O
917,2276,75,136.64,3 per month,4 days,49%,17%,24%,5,Medium,8%,8176,Zip O
918,9910,76,62.44,1 per month,35 days,38%,24%,30%,3,Medium,33%,3035,Zip O
919,7587,72,56.59,1 per month,6 days,13%,11%,32%,2,Medium,36%,3941,Zip H
920,2821,26,75.93,1 per month,53 days,21%,33%,48%,9,High,26%,5870,Zip S
921,1844,71,118.98,2 per month,34 days,43%,46%,13%,5,Low,14%,2439,Zip C
922,736,76,125.12,2 per month,22 days,8%,45%,16%,2,Low,46%,9853,Zip Y
923,2627,21,187.29,2 per month,1 days,29%,22%,35%,7,High,9%,1269,Zip Q
924,6718,41,112.95,3 per month,53 days,31%,20%,17%,2,Low,8%,8495,Zip R
925,1686,20,66.17,1 per month,50 days,22%,46%,15%,3,Medium,47%,2325,Zip F
926,7322,30,84.64,3 per month,6 days,42%,21%,44%,4,Medium,43%,1540,Zip W
927,3562,24,191.81,3 per month,7 days,19%,24%,17%,1,Medium,8%,5506,Zip D
928,6281,62,139.27,3 per month,28 days,21%,10%,9%,5,Low,8%,1306,Zip Z
929,8470,81,103.3,1 per month,39 days,25%,28%,22%,6,High,45%,9110,Zip K
930,9065,39,183.91,3 per month,23 days,39%,14%,37%,4,High,19%,7937,Zip S
931,2974,15,95.09,1 per month,37 days,36%,33%,37%,9,High,30%,6650,Zip F
932,1111,24,182.16,2 per month,29 days,33%,6%,15%,8,Medium,21%,6014,Zip C
933,7405,89,68.17,3 per month,22 days,50%,29%,42%,9,Medium,5%,8627,Zip W
934,4495,61,190.73,3 per month,54 days,12%,46%,16%,9,Low,36%,3726,Zip I
935,2852,42,190.65,2 per month,25 days,32%,33%,47%,3,Medium,21%,8409,Zip W
936,6003,33,101.79,3 per month,33 days,28%,8%,36%,6,Low,11%,9726,Zip Y
937,2174,16,52.63,2 per month,24 days,15%,45%,12%,4,Medium,40%,6757,Zip N
938,9989,83,102.96,2 per month,54 days,38%,23%,35%,8,High,14%,4905,Zip J
939,7415,75,77.12,2 per month,56 days,8%,37%,20%,7,Medium,10%,8066,Zip G
940,8281,85,89.91,2 per month,41 days,19%,44%,32%,4,Low,28%,5767,Zip E
941,6226,97,143.85,3 per month,8 days,50%,32%,16%,6,Low,25%,7035,Zip D
942,2159,80,116.46,3 per month,9 days,35%,34%,12%,6,High,45%,1957,Zip V
943,7826,50,160.45,1 per month,21 days,29%,44%,8%,5,Low,38%,8691,Zip H
944,5823,70,145.56,1 per month,60 days,6%,41%,38%,4,High,46%,7523,Zip U
945,4049,46,95.08,1 per month,2 days,20%,38%,7%,3,Low,17%,2209,Zip G
946,7984,22,98.58,3 per month,12 days,10%,17%,49%,2,High,39%,3833,Zip J
947,7335,45,169.72,1 per month,47 days,24%,15%,10%,7,Low,48%,6224,Zip I
948,6888,72,129.82,2 per month,9 days,11%,5%,11%,1,Medium,44%,6899,Zip Z
949,743,79,69.11,2 per month,2 days,16%,22%,42%,1,High,44%,8716,Zip B
950,3081,72,138.01,3 per month,22 days,13%,11%,13%,7,High,18%,5360,Zip D
951,3715,68,70.7,2 per month,57 days,33%,29%,14%,4,High,40%,1319,Zip E
952,3300,86,180.31,1 per month,39 days,5%,50%,41%,9,High,37%,7118,Zip R
953,6910,28,69.39,3 per month,13 days,28%,21%,18%,4,High,24%,6865,Zip P
954,2181,10,150.41,3 per month,3 days,38%,17%,46%,4,Low,38%,9276,Zip I
955,3547,11,184.52,2 per month,27 days,31%,36%,27%,8,High,20%,9635,Zip W
956,1297,94,64.72,2 per month,42 days,12%,35%,28%,5,Low,15%,4111,Zip E
957,7863,87,129.53,3 per month,4 days,38%,21%,11%,9,Medium,16%,7610,Zip C
958,5060,31,193.71,2 per month,45 days,20%,37%,11%,7,Medium,27%,8383,Zip D
959,2774,88,91.69,3 per month,20 days,36%,30%,29%,7,Medium,9%,7452,Zip Y
960,9137,23,92.16,2 per month,51 days,23%,13%,36%,8,Medium,11%,1560,Zip G
961,9816,77,120.51,1 per month,25 days,22%,43%,13%,3,Medium,23%,2027,Zip T
962,2155,27,192.16,2 per month,59 days,30%,36%,26%,6,Low,31%,3058,Zip Q
963,2922,15,170.15,2 per month,4 days,32%,22%,41%,5,Medium,32%,7432,Zip H
964,2281,36,90.68,3 per month,39 days,35%,16%,38%,1,Medium,37%,5009,Zip H
965,6937,73,84.74,3 per month,50 days,49%,49%,18%,6,Medium,21%,8278,Zip E
966,1807,37,79.79,2 per month,51 days,8%,5%,43%,7,Low,38%,5321,Zip O
967,6218,51,114.46,2 per month,46 days,15%,18%,19%,7,Medium,14%,4276,Zip G
968,2131,23,171.19,3 per month,11 days,50%,26%,43%,9,Low,12%,9756,Zip P
969,3884,55,72.85,1 per month,23 days,38%,21%,41%,6,Medium,28%,3538,Zip T
970,7441,58,142.56,2 per month,59 days,27%,50%,33%,3,Low,30%,6811,Zip P
971,2515,66,120.84,2 per month,54 days,17%,50%,43%,4,Medium,12%,3396,Zip D
972,6038,68,146.95,1 per month,60 days,20%,11%,23%,8,Medium,16%,7929,Zip L
973,8878,27,110.52,3 per month,5 days,14%,47%,11%,4,Low,8%,1013,Zip N
974,6515,96,163.97,2 per month,27 days,19%,6%,13%,6,Medium,31%,4862,Zip R
975,4466,99,98.15,1 per month,4 days,24%,32%,31%,2,Medium,40%,4316,Zip F
976,4549,87,158.33,3 per month,29 days,14%,24%,11%,2,Medium,6%,8101,Zip A
977,6096,17,193.95,1 per month,23 days,16%,25%,17%,1,High,41%,8512,Zip N
978,8324,36,136.89,1 per month,39 days,40%,44%,50%,5,Medium,22%,7558,Zip U
979,6191,27,145.18,2 per month,58 days,21%,17%,13%,4,Low,47%,5739,Zip Z
980,1504,78,128.72,2 per month,40 days,39%,26%,16%,4,Medium,41%,8200,Zip S
981,5627,53,122.89,2 per month,49 days,6%,31%,49%,5,Low,25%,8719,Zip T
982,4296,57,75.28,1 per month,17 days,16%,13%,22%,4,Low,20%,6870,Zip E
983,5343,82,153.13,3 per month,44 days,19%,46%,22%,6,Low,6%,9532,Zip S
984,3793,68,140.93,1 per month,20 days,31%,12%,48%,9,High,8%,1730,Zip W
985,1564,37,132.93,3 per month,37 days,50%,20%,25%,2,Medium,7%,6545,Zip E
986,8904,16,95.96,1 per month,55 days,15%,27%,15%,4,High,6%,5319,Zip W
987,9825,17,109.17,3 per month,52 days,20%,35%,33%,1,Medium,19%,2288,Zip M
988,4699,63,114.98,3 per month,30 days,40%,33%,50%,7,High,25%,5529,Zip L
989,9272,36,148.62,3 per month,27 days,13%,16%,26%,5,High,12%,8553,Zip X
990,9186,85,158.88,2 per month,12 days,42%,48%,39%,8,High,45%,2232,Zip Q
991,7616,47,96.94,1 per month,2 days,48%,27%,11%,7,Low,46%,6204,Zip R
992,9579,59,142.21,2 per month,30 days,15%,32%,10%,6,Low,49%,6768,Zip G
993,4580,30,105.56,1 per month,52 days,20%,32%,30%,7,Medium,10%,3340,Zip W
994,3096,66,122.78,1 per month,17 days,38%,31%,5%,1,Low,23%,2723,Zip G
995,665,71,62.29,3 per month,13 days,24%,28%,8%,8,Low,21%,9427,Zip L
996,9426,65,136.8,1 per month,25 days,50%,42%,17%,8,Medium,34%,5204,Zip H
997,873,33,184.47,2 per month,5 days,6%,11%,26%,2,Medium,8%,4737,Zip T
998,7959,67,193.01,3 per month,23 days,34%,10%,32%,1,High,11%,6886,Zip P
999,6564,19,100.2,3 per month,7 days,17%,40%,20%,3,Low,32%,3866,Zip U
1000,6181,10,75.52,2 per month,8 days,8%,33%,26%,7,Low,19%,1302,Zip B
